action_dependent_action_id,action_resource_type_id,action_id,dependent_action_id
1,702,431,4157
2,808,523,10588
3,1319,903,4170
4,1750,1206,10348
5,2062,1548,1536
6,2285,1723,1731
7,2950,2229,4124
8,2950,2229,4126
9,6526,4753,3911
10,7562,5479,10635
11,7969,5771,5832
12,8454,6132,2640
13,8777,6348,1175
14,8777,6348,6441
15,11225,8150,8120
16,13752,9837,2599
17,14241,10195,10635
18,14241,10195,10681
19,15964,11017,11033
20,16179,11142,15306
21,17431,11933,11235
22,17443,11945,10630
23,19163,13238,4170
24,19174,13245,10647
25,19320,13338,9174
26,19426,13414,10484
27,19461,13431,13433
28,19646,13547,3894
29,21488,14798,3885
30,21488,14798,3966
31,22819,15682,4271
32,22819,15682,15637
33,24341,16771,5204
34,24341,16771,5216
35,24438,16848,16843
36,1409,971,1039
37,2250,1699,1678
38,2250,1699,1687
39,2871,2179,2148
40,2946,2227,4124
41,2946,2227,4126
42,2970,2243,3965
43,3022,2285,4124
44,3022,2285,4126
45,3075,2318,4132
46,3079,2322,4132
47,3477,2575,10420
48,3640,2700,2740
49,3640,2700,10599
50,7558,5476,15331
51,7564,5481,2828
52,10547,7797,374
53,10607,7829,9468
54,11227,8151,4170
55,13278,9645,2583
56,14232,10187,15592
57,14258,10204,10647
58,14258,10204,10683
59,14258,10204,6605
60,15963,11016,11078
61,15991,11044,5204
62,16079,11101,4271
63,17038,11728,11705
64,17429,11931,12022
65,17450,11952,11002
66,17450,11952,11006
67,19516,13463,4015
68,20935,14486,14430
69,21039,14521,5202
70,22772,15659,4271
71,22772,15659,15637
72,23318,16023,11544
73,23318,16023,11565
74,23318,16023,15622
75,23346,16046,11586
76,23721,16273,16284
77,23739,16289,16284
78,23875,16395,10683
79,24501,16904,14999
80,1345,917,9308
81,1345,917,9315
82,1421,978,1035
83,2019,1519,1541
84,2891,2187,4271
85,3056,2310,4132
86,6958,5045,5059
87,6958,5045,5060
88,6990,5064,5067
89,10022,7373,7367
90,12585,9182,4271
91,12593,9189,4271
92,12706,9252,4271
93,13494,9738,14047
94,14271,10209,5204
95,14271,10209,5216
96,14418,10317,10420
97,15967,11020,11078
98,16007,11059,12235
99,176,105,38
100,1750,1206,10647
101,2282,1720,10967
102,2646,2014,2013
103,2869,2177,2147
104,2950,2229,4132
105,3493,2590,10484
106,7562,5479,10405
107,7562,5479,10838
108,7971,5772,5832
109,8777,6348,1153
110,8777,6348,6447
111,10029,7378,7377
112,11225,8150,8146
113,11236,8156,8140
114,16139,11131,15306
115,16161,11137,10647
116,16161,11137,10683
117,16291,11192,10404
118,17430,11932,12022
119,17442,11944,15306
120,17663,12121,4188
121,18346,12624,12637
122,18376,12650,12652
123,18376,12650,12687
124,18482,12737,15008
125,18482,12737,15069
126,18904,13042,10618
127,19511,13458,4015
128,21013,14511,4271
129,21013,14511,14494
130,21164,14605,6616
131,22774,15660,15637
132,22838,15694,4271
133,22838,15694,15637
134,23337,16041,5991
135,23736,16286,16284
136,23765,16307,16284
137,24432,16842,16843
138,24432,16842,16852
139,791,516,10345
140,791,516,10349
141,791,516,10391
142,791,516,10539
143,791,516,10576
144,791,516,10931
145,796,520,10348
146,796,520,10440
147,796,520,10588
148,796,520,4271
149,796,520,491
150,1475,1017,998
151,2297,1735,5351
152,2942,2223,2191
153,3651,2707,10755
154,5094,3697,5974
155,7340,5281,5297
156,8191,5942,4170
157,8458,6135,10521
158,9689,7037,4271
159,13438,9715,4224
160,13615,9791,9689
161,14543,10367,10420
162,14666,10407,10420
163,13368,9682,9696
164,13752,9837,4170
165,13752,9837,5202
166,1750,1206,10635
167,2301,1739,10967
168,2896,2191,2223
169,3038,2296,4132
170,5109,3710,4170
171,5109,3710,5974
172,6607,4804,4271
173,7562,5479,10404
174,8800,6371,1175
175,8800,6371,6441
176,8997,6511,4170
177,9193,6630,6653
178,9495,6889,4238
179,11236,8156,8122
180,11746,8492,5202
181,11913,8620,15331
182,12796,9311,11556
183,14584,10380,10420
184,14865,10446,10420
185,15405,10733,5991
186,15855,10933,10420
187,15964,11017,11039
188,17431,11933,12022
189,17443,11945,10349
190,19174,13245,11407
191,19633,13539,10405
192,19633,13539,13563
193,21021,14513,4271
194,21484,14794,922
195,21488,14798,3888
196,23738,16288,16284
197,23759,16304,16284
198,2209,1671,1693
199,2283,1721,1727
200,2865,2173,2211
201,2943,2224,2192
202,2967,2241,4132
203,2969,2242,10442
204,3075,2318,4271
205,3249,2428,10647
206,3249,2428,10683
207,3652,2708,10683
208,5301,3860,4271
209,6039,4404,4271
210,6987,5063,5067
211,8459,6136,2638
212,9571,6944,3950
213,10547,7797,10339
214,11227,8151,4274
215,13278,9645,4157
216,14595,10383,10420
217,14820,10433,10420
218,15961,11014,11232
219,15963,11016,11044
220,16202,11150,10484
221,19144,13221,3894
222,19575,13509,10442
223,19575,13509,10539
224,20907,14463,14431
225,21982,15194,10683
226,24291,16732,10576
227,24443,16853,16843
228,24495,16898,10231
229,24501,16904,1138
230,178,107,38
231,705,434,412
232,794,518,493
233,2381,1811,5978
234,2981,2252,10521
235,3021,2284,4132
236,3053,2307,4132
237,3082,2324,4132
238,3770,2788,10754
239,5925,4334,4271
240,6257,4578,4271
241,7863,5723,4170
242,11724,8472,15288
243,13633,9800,9708
244,14271,10209,10442
245,14271,10209,10539
246,15994,11047,4170
247,16212,11155,10484
248,18346,12624,12629
249,18482,12737,15067
250,18904,13042,4170
251,19483,13436,10484
252,19631,13538,10842
253,19631,13538,10887
254,20315,14072,14085
255,21164,14605,5204
256,21164,14605,5216
257,21277,14655,14626
258,22746,15646,15637
259,23833,16369,15306
260,23964,16438,10683
261,24336,16767,5202
262,24489,16892,5961
263,791,516,10587
264,791,516,10599
265,791,516,10821
266,791,516,10935
267,791,516,10937
268,796,520,10635
269,796,520,10924
270,1328,908,9308
271,1328,908,9315
272,1818,1304,4225
273,2297,1735,5347
274,2773,2095,2205
275,2784,2105,4271
276,2965,2240,9127
277,3077,2320,3976
278,3651,2707,5202
279,5108,3709,5974
280,9226,6661,5968
281,11223,8149,8124
282,13219,9620,12641
283,13436,9714,4157
284,14371,10282,10484
285,14577,10379,10420
286,14603,10387,10420
287,14845,10440,10420
288,16057,11082,4271
289,17434,11936,10996
290,18349,12627,12637
291,19419,13411,10484
292,19506,13453,4015
293,19765,13615,9166
294,22663,15607,4271
295,22792,15668,4271
296,22792,15668,15637
297,23313,16019,15622
298,23754,16302,16284
299,24225,16684,16757
300,24240,16693,16691
301,24435,16845,16843
302,202,120,38
303,1317,901,4271
304,1753,1208,10647
305,2029,1527,1545
306,2228,1687,1696
307,2290,1728,10588
308,2389,1818,5978
309,2897,2192,4271
310,2980,2251,4132
311,3244,2426,10647
312,3244,2426,10683
313,3728,2766,10414
314,3728,2766,10420
315,3728,2766,10470
316,3728,2766,10598
317,3731,2768,1126
318,3731,2768,1153
319,3769,2787,10754
320,8377,6070,6092
321,8840,6391,4170
322,10622,7838,10666
323,11730,8477,12528
324,11845,8562,15283
325,13244,9631,9708
326,13279,9646,8148
327,13279,9646,9885
328,13279,9646,14250
329,13765,9842,15306
330,14601,10386,4170
331,15968,11021,5216
332,16056,11081,11039
333,16201,11149,10404
334,16295,11194,10648
335,17562,12035,4271
336,19415,13408,13433
337,19711,13586,4271
338,20973,14499,14494
339,21006,14510,6600
340,21334,14691,3966
341,21534,14832,922
342,21956,15171,10404
343,22744,15645,15637
344,23326,16031,5961
345,23344,16044,5310
346,23344,16044,5961
347,23758,16303,16298
348,1417,975,9151
349,1417,975,15283
350,2384,1813,15331
351,2575,1961,1958
352,3489,2586,10420
353,5244,3823,4271
354,6527,4754,3894
355,8801,6372,1153
356,8801,6372,8986
357,8801,6372,8987
358,8801,6372,9009
359,8801,6372,6447
360,13523,9754,2599
361,13750,9836,4274
362,15892,10954,4170
363,18433,12700,12609
364,18433,12700,12620
365,18433,12700,12627
366,18433,12700,12633
367,18433,12700,12715
368,19258,13286,10442
369,19264,13289,10673
370,19264,13289,4274
371,19407,13405,15306
372,19567,13506,4170
373,19567,13506,5202
374,19707,13582,10647
375,19779,13627,4271
376,23722,16274,16309
377,168,97,118
378,179,108,38
379,2890,2186,4271
380,3006,2272,4132
381,3015,2278,4132
382,3046,2303,4132
383,4895,3572,3499
384,4895,3572,3511
385,7047,5091,4479
386,7950,5762,5832
387,8394,6084,6092
388,13347,9672,8158
389,13347,9672,11588
390,13631,9799,9706
391,14247,10198,10539
392,14345,10263,10211
393,14541,10366,10365
394,14847,10441,10420
395,15965,11018,10576
396,15965,11018,11036
397,16208,11153,10404
398,16326,11204,10647
399,16326,11204,10683
400,19317,13335,10635
401,19317,13335,4157
402,19508,13455,4015
403,21171,14609,5202
404,22849,15699,15637
405,23789,16325,15306
406,24340,16770,4170
407,24430,16840,16850
408,1349,919,9315
409,1500,1026,9151
410,1500,1026,15283
411,2390,1819,4271
412,2782,2103,4271
413,2835,2149,2180
414,3007,2273,4132
415,3025,2287,4124
416,3025,2287,4126
417,3486,2583,10349
418,3716,2758,2726
419,3744,2774,2726
420,3744,2774,10937
421,5328,3877,4200
422,9522,6910,4170
423,9978,7345,7367
424,10264,7542,4271
425,11729,8476,12518
426,13314,9658,9696
427,13607,9787,2578
428,16349,11220,11252
429,16915,11609,4271
430,16921,11612,11611
431,17669,12127,4274
432,19256,13285,4274
433,19260,13288,4274
434,19260,13288,13298
435,19260,13288,13303
436,19403,13403,13433
437,19643,13545,10842
438,20246,14019,14085
439,20989,14505,4170
440,21230,14639,6600
441,22822,15684,4271
442,22822,15684,15637
443,23312,16018,5283
444,23312,16018,5292
445,23321,16026,5979
446,23347,16047,11542
447,23347,16047,4274
448,23347,16047,15357
449,23737,16287,16284
450,15962,11015,4170
451,17434,11936,10539
452,17434,11936,11586
453,17434,11936,12022
454,19765,13615,9174
455,20683,14300,4271
456,22851,15700,15637
457,23313,16019,5310
458,23313,16019,5961
459,23745,16295,16284
460,23861,16389,9126
461,24328,16763,10405
462,24328,16763,10420
463,24328,16763,10838
464,24428,16838,16848
465,165,94,117
466,203,121,107
467,203,121,118
468,1426,983,1035
469,1597,1090,10647
470,1597,1090,10683
471,2294,1732,10588
472,2389,1818,4170
473,2389,1818,15306
474,3017,2280,4132
475,3728,2766,10493
476,3728,2766,10647
477,3731,2768,10635
478,6355,4623,4494
479,9367,6779,6453
480,11845,8562,15294
481,13279,9646,9696
482,13279,9646,4157
483,14179,10137,4170
484,15968,11021,15331
485,16056,11081,11033
486,16058,11083,4271
487,16935,11620,4271
488,19398,13401,10404
489,19572,13508,5204
490,19639,13542,2599
491,19647,13548,2638
492,19711,13586,10635
493,21006,14510,5202
494,21956,15171,10635
495,22042,15229,10938
496,23215,15951,4271
497,23317,16022,4188
498,23317,16022,4225
499,23344,16044,15622
500,23751,16299,16284
501,23758,16303,15306
502,1417,975,9126
503,1417,975,9156
504,2841,2153,2182
505,2876,2182,2153
506,2941,2222,2186
507,3489,2586,10647
508,3489,2586,10683
509,4451,3260,4170
510,5097,3699,5974
511,5951,4352,4271
512,6764,4909,4468
513,8460,6137,2640
514,9570,6943,3966
515,10586,7816,10722
516,12193,8811,8855
517,13629,9798,9704
518,13750,9836,4170
519,14245,10197,10539
520,14346,10264,10265
521,14346,10264,10274
522,14596,10384,10420
523,14631,10397,10420
524,15960,11013,4170
525,15966,11019,4170
526,15966,11019,15603
527,16492,11324,4271
528,17557,12030,4271
529,18433,12700,12615
530,18433,12700,12617
531,19264,13289,4170
532,19312,13330,10630
533,19405,13404,13433
534,19653,13554,10635
535,20983,14504,14494
536,20983,14504,14510
537,23324,16029,11588
538,23324,16029,15621
539,23711,16267,15306
540,24445,16855,16843
541,2961,2237,4132
542,2986,2257,4132
543,3024,2286,4132
544,4525,3312,3364
545,4702,3433,3511
546,6783,4927,4468
547,7961,5767,4170
548,8452,6130,10442
549,9375,6785,4170
550,9481,6877,4170
551,9804,7120,9126
552,13347,9672,2599
553,14242,10196,10635
554,14242,10196,10681
555,14541,10366,10588
556,15965,11018,11031
557,16260,11184,10647
558,16260,11184,10683
559,18911,13047,10484
560,19317,13335,10404
561,19317,13335,4271
562,19412,13406,13433
563,19583,13513,10647
564,19583,13513,10683
565,19616,13530,5202
566,21029,14517,14494
567,21171,14609,6600
568,22001,15213,10683
569,23741,16291,16284
570,23743,16293,16284
571,23763,16305,16284
572,23786,16322,15306
573,23880,16397,9166
574,1500,1026,9126
575,1500,1026,9156
576,1811,1286,5991
577,2291,1729,10588
578,2298,1736,10588
579,2948,2228,4132
580,2976,2247,4132
581,3520,2617,4271
582,5328,3877,4157
583,5328,3877,4188
584,5328,3877,4225
585,7283,5237,4170
586,7337,5278,5297
587,7690,5589,5590
588,9978,7345,4170
589,9979,7346,7367
590,12004,8681,13887
591,12448,9070,4225
592,13227,9624,2599
593,13607,9787,2584
594,13607,9787,2590
595,13607,9787,2638
596,14560,10373,10420
597,15204,10598,7277
598,15530,10801,10420
599,16181,11143,10521
600,16181,11143,15306
601,16395,11263,11280
602,19256,13285,4170
603,19256,13285,5202
604,19260,13288,4170
605,19403,13403,15256
606,19450,13428,10484
607,20241,14016,14085
608,20944,14491,4271
609,21230,14639,5202
610,21487,14797,3976
611,22783,15664,4271
612,22783,15664,15637
613,22806,15676,4271
614,22806,15676,15637
615,22813,15680,15637
616,22816,15681,15637
617,23312,16018,3407
618,23347,16047,11585
619,23347,16047,4170
620,23347,16047,15353
621,23347,16047,15632
622,6526,4753,3878
623,7936,5757,10624
624,2970,2243,3884
625,3640,2700,10392
626,15961,11014,5219
627,17450,11952,10957
628,24495,16898,12477
629,794,518,10392
630,3770,2788,5209
631,18346,12624,12568
632,21164,14605,5209
633,791,516,10922
634,796,520,10638
635,1475,1017,15369
636,2888,2184,2221
637,16152,11135,11129
638,16167,11140,11129
639,19140,13217,10773
640,793,517,465
641,1753,1208,10413
642,1753,1208,10619
643,3769,2787,5209
644,9199,6634,6709
645,10467,7728,15369
646,11845,8562,15281
647,15968,11021,5215
648,16165,11139,11129
649,19639,13542,2576
650,21334,14691,3872
651,23344,16044,15356
652,24403,16817,12493
653,1417,975,9137
654,3087,2329,9128
655,3841,2822,2818
656,8055,5829,10624
657,8753,6325,6833
658,9804,7120,9137
659,13619,9793,9700
660,16186,11144,11129
661,16326,11204,10619
662,1500,1026,9137
663,3716,2758,2722
664,19403,13403,15369
665,19690,13578,3878
666,19511,13458,3952
667,1422,979,1048
668,3841,2822,2789
669,808,523,10937
670,1758,1213,10484
671,2286,1724,1735
672,2785,2106,4271
673,2985,2256,4132
674,4316,3153,4170
675,5681,4145,2638
676,6769,4913,4469
677,7083,5120,4479
678,11236,8156,8120
679,14241,10195,10442
680,14241,10195,10539
681,14658,10404,10420
682,16179,11142,10647
683,16179,11142,10683
684,17443,11945,10348
685,19163,13238,10647
686,19174,13245,13279
687,19174,13245,4170
688,19426,13414,10404
689,21258,14644,14523
690,21488,14798,3941
691,22836,15693,15637
692,23325,16030,11581
693,23325,16030,4256
694,24400,16814,10405
695,24400,16814,10420
696,24400,16814,10838
697,24436,16846,16843
698,24444,16854,16843
699,2388,1817,4170
700,2970,2243,4271
701,2979,2250,4132
702,2984,2255,4132
703,3640,2700,1153
704,4569,3355,3364
705,6987,5063,5059
706,6987,5063,5060
707,7222,5203,4170
708,10547,7797,204
709,11239,8158,11581
710,11780,8514,8656
711,12084,8723,8656
712,12638,9215,9227
713,13278,9645,2599
714,14232,10187,15610
715,14258,10204,10195
716,14258,10204,10521
717,14258,10204,4170
718,14258,10204,5202
719,14258,10204,6603
720,14258,10204,6606
721,14258,10204,6608
722,14589,10381,10420
723,15835,10924,4271
724,15961,11014,11031
725,15961,11014,5216
726,15963,11016,11035
727,16137,11130,10349
728,16348,11219,11255
729,17439,11941,12022
730,18492,12745,12807
731,19269,13294,10681
732,19517,13464,3930
733,19517,13464,3959
734,20317,14074,14100
735,20356,14089,4271
736,23245,15975,4271
737,23318,16023,11542
738,23346,16046,11571
739,23346,16046,4188
740,23346,16046,4225
741,24291,16732,10820
742,24311,16750,16757
743,24501,16904,10965
744,24501,16904,14547
745,164,93,38
746,1345,917,9295
747,1411,972,3488
748,1413,974,4271
749,2988,2258,4132
750,3042,2299,4132
751,3055,2309,4132
752,3770,2788,10635
753,4197,3063,4170
754,5107,3708,5974
755,5470,3973,5968
756,5763,4204,5983
757,5763,4204,5988
758,6352,4621,4494
759,8686,6282,4271
760,8917,6447,1175
761,11219,8147,4157
762,11708,8465,15330
763,13290,9650,15306
764,14564,10376,10420
765,15994,11047,11078
766,16035,11076,4170
767,16139,11131,10647
768,16139,11131,10683
769,16161,11137,15306
770,16291,11192,10484
771,16546,11345,11373
772,18376,12650,12654
773,18482,12737,15065
774,18482,12737,15068
775,18904,13042,10405
776,18904,13042,10838
777,18904,13042,14972
778,19509,13456,3930
779,19509,13456,3959
780,19511,13458,3917
781,19513,13460,3925
782,20998,14507,14494
783,21247,14642,4271
784,21247,14642,14494
785,21253,14643,5202
786,21277,14655,14605
787,21277,14655,14609
788,22062,15240,4271
789,23184,15920,4271
790,23311,16017,3396
791,23311,16017,3511
792,23337,16041,5968
793,23337,16041,5979
794,24319,16757,16684
795,791,516,10635
796,791,516,10924
797,796,520,10587
798,796,520,10599
799,796,520,10821
800,796,520,10935
801,796,520,10937
802,2280,1718,10588
803,2836,2150,2181
804,2965,2240,4271
805,3077,2320,3966
806,3078,2321,4132
807,3482,2579,10420
808,4610,3379,3511
809,6767,4911,4443
810,6767,4911,4479
811,6767,4911,4507
812,6777,4921,4479
813,6777,4921,4507
814,10267,7545,4271
815,11223,8149,4170
816,11223,8149,5202
817,11223,8149,15353
818,11991,8671,9126
819,12072,8717,15239
820,13219,9620,4157
821,13438,9715,4157
822,13438,9715,4188
823,14371,10282,10284
824,14371,10282,10635
825,14371,10282,4225
826,16896,11599,4271
827,17586,12058,4188
828,18349,12627,12636
829,19140,13217,3932
830,19506,13453,3868
831,19764,13614,9126
832,20242,14017,14085
833,20245,14018,14085
834,20362,14095,4271
835,20697,14308,2584
836,21700,14972,10683
837,23313,16019,11585
838,23313,16019,4170
839,23313,16019,5202
840,23313,16019,5309
841,23313,16019,5974
842,23313,16019,15306
843,23313,16019,15632
844,24435,16845,16849
845,165,94,105
846,181,110,38
847,203,121,38
848,756,481,4154
849,756,481,4163
850,756,481,4218
851,793,517,10598
852,793,517,483
853,1597,1090,4170
854,2040,1536,1527
855,2401,1829,1154
856,3058,2311,4132
857,3728,2766,10534
858,3769,2787,10635
859,4262,3109,4170
860,6031,4398,4494
861,8485,6156,6180
862,9367,6779,6441
863,9421,6826,6437
864,9704,7046,2599
865,9704,7046,9174
866,10270,7548,4271
867,10622,7838,9475
868,11723,8471,15288
869,13279,9646,11586
870,13397,9696,2599
871,14179,10137,5961
872,14601,10386,10420
873,19398,13401,10484
874,19515,13462,3925
875,19515,13462,3958
876,19572,13508,4271
877,19639,13542,4271
878,20734,14335,2590
879,23241,15972,4271
880,23317,16022,6396
881,23344,16044,4238
882,23344,16044,4274
883,23344,16044,15313
884,23344,16044,15357
885,24427,16837,16843
886,24493,16896,5961
887,2384,1813,4271
888,2631,2005,2001
889,6562,4769,4408
890,7956,5764,5832
891,9637,7002,4271
892,10271,7549,4271
893,10586,7816,2861
894,12490,9102,4225
895,13523,9754,9696
896,14194,10152,5961
897,14239,10194,5202
898,14245,10197,10635
899,14245,10197,10681
900,14346,10264,10241
901,14346,10264,10259
902,14508,10348,10420
903,14695,10418,10420
904,15406,10734,5968
905,18433,12700,12621
906,18433,12700,12706
907,18433,12700,12716
908,19078,13176,4170
909,19264,13289,10647
910,19264,13289,10683
911,19265,13290,10681
912,19413,13407,15256
913,19779,13627,9166
914,20981,14503,14494
915,20983,14504,14507
916,20991,14506,6600
917,21335,14692,3966
918,21955,15170,6009
919,22766,15656,4170
920,22779,15662,15637
921,22840,15695,15637
922,23276,16000,4271
923,23324,16029,11550
924,23324,16029,11556
925,23324,16029,4188
926,23324,16029,4225
927,23901,16408,9166
928,166,95,117
929,1748,1205,1205
930,1748,1205,1236
931,1833,1316,4170
932,3358,2496,10635
933,3674,2729,15283
934,3674,2729,15306
935,5278,3839,4170
936,7961,5767,5832
937,8452,6130,6175
938,8452,6130,10681
939,8922,6452,1153
940,8922,6452,14965
941,9192,6629,6653
942,11229,8152,11585
943,12640,9216,9227
944,12787,9306,15306
945,14242,10196,10442
946,14242,10196,10539
947,14345,10263,10261
948,18140,12459,4271
949,19128,13205,4170
950,19317,13335,9174
951,19508,13455,3868
952,19583,13513,10521
953,21171,14609,14523
954,21204,14633,4271
955,21424,14751,3921
956,22797,15671,4271
957,22797,15671,15637
958,23278,16001,4271
959,23742,16292,16284
960,24332,16765,12492
961,201,119,117
962,581,328,4170
963,1811,1286,4225
964,2207,1670,1692
965,3009,2274,4132
966,3359,2497,10635
967,3476,2574,10420
968,3486,2583,10348
969,3486,2583,10404
970,3694,2743,4170
971,7283,5237,5203
972,11729,8476,12478
973,11791,8525,9126
974,12786,9305,11586
975,12786,9305,15239
976,12786,9305,15331
977,13231,9626,4274
978,13314,9658,2599
979,13445,9719,4170
980,13607,9787,4170
981,14810,10430,10420
982,15332,10701,5956
983,15717,10882,10420
984,16181,11143,10647
985,16181,11143,10648
986,16181,11143,10683
987,19256,13285,10647
988,19256,13285,10683
989,19260,13288,10647
990,19260,13288,10683
991,19450,13428,10404
992,20989,14505,16836
993,21708,14978,10683
994,22799,15672,4271
995,22799,15672,15637
996,23312,16018,5202
997,23821,16357,15306
998,24439,16849,16843
999,13752,9837,15283
1000,14606,10388,4170
1001,15405,10733,4170
1002,15964,11017,11035
1003,16179,11142,10484
1004,17443,11945,10315
1005,19633,13539,10404
1006,20979,14502,14494
1007,23297,16012,16015
1008,23831,16367,15306
1009,24341,16771,4170
1010,24341,16771,5202
1011,2021,1520,4271
1012,2209,1671,4271
1013,2388,1817,4271
1014,2946,2227,4132
1015,2970,2243,3966
1016,3022,2285,4132
1017,3249,2428,10635
1018,4808,3512,3511
1019,7222,5203,5244
1020,8459,6136,2640
1021,10547,7797,9428
1022,10607,7829,224
1023,10607,7829,10793
1024,12084,8723,15331
1025,13221,9621,4170
1026,13221,9621,9923
1027,13278,9645,2584
1028,13278,9645,2590
1029,13278,9645,2638
1030,14862,10445,10420
1031,15754,10899,4271
1032,15835,10924,7277
1033,15961,11014,11229
1034,17450,11952,10967
1035,17450,11952,11010
1036,18469,12727,12807
1037,18525,12777,4274
1038,19507,13454,4170
1039,19507,13454,5202
1040,19516,13463,3925
1041,19691,13579,13552
1042,20368,14101,4271
1043,21003,14509,14494
1044,21476,14786,922
1045,23318,16023,11571
1046,23318,16023,4188
1047,23318,16023,4225
1048,23318,16023,15285
1049,23318,16023,15619
1050,23346,16046,11542
1051,23346,16046,4274
1052,24443,16853,16850
1053,24501,16904,2831
1054,24501,16904,4211
1055,164,93,117
1056,1345,917,9287
1057,1411,972,3497
1058,2867,2175,2133
1059,2873,2181,2150
1060,2873,2181,2151
1061,2954,2231,4132
1062,3770,2788,10755
1063,5763,4204,5985
1064,7336,5277,5297
1065,10426,7700,4170
1066,10523,7781,4170
1067,10634,7843,4170
1068,11219,8147,4274
1069,11727,8474,15331
1070,13938,9924,12480
1071,14271,10209,10521
1072,14271,10209,5202
1073,14271,10209,6603
1074,14271,10209,6606
1075,14271,10209,6608
1076,16139,11131,10484
1077,16161,11137,10404
1078,16291,11192,10647
1079,16291,11192,10683
1080,18376,12650,12643
1081,18376,12650,12667
1082,18904,13042,10442
1083,19511,13458,3925
1084,19513,13460,3917
1085,19631,13538,10576
1086,21164,14605,14609
1087,21164,14605,6600
1088,21253,14643,4271
1089,21253,14643,14494
1090,21277,14655,14625
1091,21970,15182,10484
1092,23311,16017,3407
1093,23311,16017,3466
1094,23337,16041,5978
1095,23964,16438,10635
1096,24489,16892,5968
1097,24491,16894,5961
1098,791,516,10517
1099,791,516,10584
1100,791,516,10671
1101,791,516,10690
1102,791,516,10835
1103,796,520,10493
1104,796,520,10647
1105,1400,966,988
1106,2934,2216,4271
1107,2971,2244,4271
1108,3077,2320,4271
1109,3475,2573,10348
1110,3482,2579,10349
1111,5469,3972,2599
1112,5693,4154,4271
1113,6767,4911,4468
1114,6777,4921,4468
1115,7958,5765,5832
1116,8813,6375,4271
1117,9226,6661,5961
1118,9518,6907,15288
1119,13219,9620,4274
1120,13219,9620,12618
1121,13436,9714,12713
1122,14402,10309,10420
1123,14569,10378,10420
1124,14577,10379,4271
1125,14676,10410,10420
1126,15715,10881,10420
1127,17434,11936,10967
1128,17586,12058,4274
1129,19140,13217,4170
1130,19506,13453,3930
1131,19506,13453,3959
1132,19684,13574,4015
1133,19687,13577,13552
1134,21044,14523,14494
1135,22539,15500,4271
1136,22770,15658,4271
1137,22770,15658,15637
1138,22786,15665,15637
1139,23313,16019,4271
1140,23313,16019,5274
1141,23313,16019,5306
1142,23861,16389,9166
1143,23954,16433,9166
1144,24328,16763,10485
1145,165,94,118
1146,203,121,117
1147,793,517,493
1148,1753,1208,10635
1149,2217,1678,1696
1150,3073,2316,4132
1151,3244,2426,10635
1152,3728,2766,10348
1153,3728,2766,10440
1154,3728,2766,10588
1155,3728,2766,4271
1156,3731,2768,1148
1157,3731,2768,10598
1158,3769,2787,10755
1159,7219,5201,1216
1160,8201,5948,4170
1161,8485,6156,6173
1162,11845,8562,15284
1163,13244,9631,9800
1164,13279,9646,13887
1165,13279,9646,14223
1166,14799,10426,10420
1167,15426,10744,10420
1168,16056,11081,11035
1169,16295,11194,10635
1170,19398,13401,10647
1171,19398,13401,10683
1172,19572,13508,4170
1173,19572,13508,5202
1174,21006,14510,5204
1175,21006,14510,5216
1176,21334,14691,3963
1177,21996,15208,10683
1178,23295,16011,16015
1179,23317,16022,5283
1180,23317,16022,5292
1181,23326,16031,5979
1182,23344,16044,4188
1183,23344,16044,4225
1184,23344,16044,5979
1185,23344,16044,15619
1186,23725,16276,16284
1187,23732,16282,16284
1188,23758,16303,16284
1189,24427,16837,16847
1190,1077,742,4271
1191,1080,745,4271
1192,1417,975,9127
1193,1417,975,9166
1194,1417,975,9187
1195,2384,1813,4170
1196,2384,1813,15306
1197,2631,2005,1990
1198,3489,2586,10348
1199,3489,2586,10404
1200,8801,6372,7278
1201,8942,6470,15306
1202,9570,6943,3950
1203,9570,6943,3965
1204,10070,7412,7377
1205,10586,7816,8109
1206,12193,8811,8811
1207,13750,9836,2599
1208,14245,10197,10673
1209,15960,11013,5216
1210,17437,11939,12022
1211,18433,12700,12636
1212,18433,12700,12708
1213,19258,13286,10521
1214,19258,13286,4170
1215,19258,13286,5202
1216,19265,13290,10673
1217,19707,13582,10681
1218,20983,14504,14506
1219,20983,14504,14511
1220,21728,14997,10683
1221,21973,15185,10683
1222,22766,15656,4271
1223,22766,15656,15637
1224,22789,15667,4271
1225,22789,15667,15637
1226,23722,16274,16284
1227,23744,16294,16284
1228,23753,16301,16284
1229,23767,16309,16284
1230,166,95,38
1231,648,386,4170
1232,1300,890,4271
1233,2445,1859,1898
1234,2999,2265,4132
1235,3076,2319,4132
1236,6770,4914,4425
1237,9804,7120,9166
1238,14247,10198,10521
1239,14345,10263,10218
1240,14841,10438,10420
1241,14843,10439,10420
1242,15965,11018,4170
1243,16260,11184,10404
1244,18911,13047,10521
1245,19317,13335,10647
1246,19317,13335,10683
1247,19317,13335,12512
1248,19508,13455,3930
1249,19508,13455,3959
1250,19510,13457,3894
1251,19616,13530,5204
1252,21171,14609,6616
1253,22323,15376,4271
1254,22821,15683,4271
1255,22821,15683,15637
1256,24430,16840,16843
1257,201,119,38
1258,1130,777,4271
1259,1500,1026,9127
1260,1500,1026,9166
1261,1500,1026,9187
1262,1800,1257,5956
1263,2207,1670,1704
1264,2948,2228,4124
1265,2948,2228,4126
1266,3020,2283,4132
1267,3047,2304,4132
1268,3476,2574,10349
1269,3665,2720,2726
1270,3744,2774,10517
1271,3744,2774,10671
1272,5328,3877,4186
1273,6028,4397,4494
1274,6538,4762,4479
1275,7283,5237,5234
1276,9494,6888,15288
1277,9522,6910,8855
1278,13227,9624,4170
1279,13227,9624,5202
1280,13227,9624,15283
1281,13231,9626,4157
1282,13607,9787,2583
1283,14613,10391,10420
1284,14807,10429,10420
1285,15956,11010,4271
1286,19637,13541,4271
1287,21230,14639,5204
1288,21230,14639,5216
1289,23312,16018,3393
1290,23312,16018,4271
1291,23321,16026,5961
1292,23347,16047,15360
1293,23698,16255,15306
1294,24429,16839,16843
1295,24431,16841,16843
1296,702,431,4166
1297,2282,1720,1726
1298,2641,2011,2001
1299,3038,2296,4124
1300,3038,2296,4126
1301,3085,2327,4132
1302,6862,4982,3894
1303,7562,5479,10647
1304,7562,5479,10683
1305,8800,6371,1153
1306,8800,6371,6447
1307,11225,8150,8118
1308,11236,8156,8124
1309,11758,8502,15251
1310,13752,9837,4274
1311,14241,10195,10647
1312,14241,10195,10683
1313,14241,10195,6605
1314,14555,10371,10420
1315,14851,10442,10420
1316,14851,10442,14972
1317,15524,10799,10420
1318,15964,11017,4170
1319,16347,11218,4170
1320,19174,13245,10635
1321,19318,13336,15306
1322,21033,14518,14494
1323,21051,14527,14532
1324,21488,14798,3963
1325,22794,15670,15637
1326,23043,15831,15637
1327,23325,16030,11588
1328,23325,16030,15621
1329,23690,16248,15306
1330,23727,16277,16284
1331,23788,16324,15306
1332,24400,16814,10484
1333,186,112,38
1334,668,400,401
1335,1602,1094,4170
1336,2388,1817,5968
1337,2969,2242,2314
1338,3000,2266,4132
1339,3041,2298,4132
1340,3249,2428,10404
1341,3640,2700,10835
1342,3652,2708,10588
1343,6356,4624,4271
1344,6784,4928,4468
1345,7558,5476,15306
1346,10547,7797,2861
1347,11239,8158,11588
1348,13221,9621,4274
1349,13278,9645,2578
1350,14258,10204,10635
1351,14258,10204,10681
1352,15961,11014,11078
1353,15963,11016,4271
1354,15963,11016,11041
1355,17010,11708,10647
1356,18525,12777,4170
1357,19269,13294,10521
1358,19507,13454,3894
1359,19507,13454,3911
1360,19575,13509,10673
1361,21189,14622,4271
1362,23318,16023,4271
1363,23318,16023,15623
1364,23346,16046,11585
1365,23832,16368,15306
1366,24437,16847,16843
1367,24495,16898,10965
1368,24495,16898,14547
1369,164,93,104
1370,794,518,10835
1371,1345,917,9321
1372,1411,972,3377
1373,1411,972,3466
1374,3033,2293,4132
1375,3770,2788,5202
1376,6357,4625,4271
1377,8536,6196,4271
1378,9259,6693,6653
1379,11219,8147,4170
1380,11708,8465,15239
1381,13290,9650,15307
1382,13345,9671,2590
1383,13345,9671,2638
1384,13579,9777,9696
1385,13912,9907,12480
1386,14271,10209,10673
1387,14271,10209,6607
1388,14627,10396,10420
1389,14646,10402,10420
1390,15967,11020,4271
1391,15994,11047,5216
1392,17430,11932,15306
1393,17442,11944,12022
1394,18376,12650,12640
1395,18376,12650,12655
1396,18482,12737,14989
1397,19511,13458,3930
1398,19511,13458,3959
1399,19631,13538,10821
1400,20912,14465,4271
1401,21164,14605,5202
1402,21205,14634,4271
1403,22801,15673,4271
1404,22801,15673,15637
1405,23337,16041,4170
1406,24336,16767,5204
1407,24336,16767,5216
1408,791,516,10534
1409,796,520,10414
1410,796,520,10420
1411,796,520,10470
1412,796,520,10598
1413,1756,1211,10484
1414,2280,1718,10967
1415,2293,1731,11308
1416,2574,1960,1958
1417,2965,2240,2314
1418,2971,2244,4132
1419,3045,2302,4132
1420,3369,2506,4271
1421,3475,2573,10635
1422,3532,2629,15592
1423,3651,2707,10754
1424,5915,4324,4271
1425,7087,5122,4479
1426,7340,5281,5282
1427,7370,5310,4271
1428,7560,5478,2853
1429,7953,5763,5832
1430,8453,6131,2599
1431,9689,7037,7024
1432,11223,8149,4157
1433,11223,8149,15285
1434,12072,8717,15330
1435,13219,9620,4170
1436,13438,9715,4223
1437,14635,10398,10420
1438,17434,11936,11585
1439,19140,13217,3911
1440,19506,13453,3925
1441,19506,13453,3958
1442,19710,13585,4271
1443,19764,13614,4271
1444,20316,14073,14085
1445,20975,14500,14494
1446,21271,14650,4271
1447,22034,15222,10683
1448,22666,15610,4271
1449,23313,16019,4188
1450,23313,16019,4225
1451,23313,16019,5979
1452,23313,16019,15619
1453,23733,16283,16284
1454,24328,16763,10404
1455,24428,16838,16843
1456,202,120,105
1457,987,665,4271
1458,1422,979,1035
1459,1753,1208,10348
1460,1753,1208,10404
1461,2294,1732,10968
1462,3244,2426,10404
1463,3728,2766,10635
1464,3728,2766,10924
1465,3731,2768,1199
1466,3731,2768,10647
1467,3731,2768,10683
1468,3769,2787,5202
1469,5468,3971,2599
1470,6036,4402,4271
1471,7563,5480,2828
1472,8758,6330,15239
1473,8758,6330,15331
1474,9367,6779,6436
1475,11730,8477,12531
1476,13216,9618,9696
1477,13279,9646,8159
1478,13765,9842,5204
1479,14179,10137,5991
1480,15968,11021,15306
1481,16056,11081,4170
1482,16201,11149,10647
1483,16201,11149,10683
1484,19253,13283,5238
1485,19639,13542,11682
1486,20589,14246,14230
1487,20942,14490,4271
1488,21006,14510,6616
1489,21334,14691,3965
1490,21956,15171,10647
1491,21956,15171,10683
1492,22042,15229,10321
1493,23317,16022,6413
1494,23344,16044,5274
1495,23344,16044,5306
1496,23728,16278,16284
1497,24403,16817,12492
1498,167,96,38
1499,1127,774,4271
1500,1347,918,9315
1501,1417,975,9174
1502,2631,2005,1987
1503,2631,2005,14670
1504,2992,2261,4132
1505,3061,2313,4132
1506,6562,4769,4479
1507,8801,6372,1175
1508,8801,6372,6441
1509,8880,6415,6424
1510,8930,6458,1153
1511,9220,6655,5961
1512,9570,6943,3963
1513,10586,7816,226
1514,12490,9102,4170
1515,13333,9665,9880
1516,13750,9836,9127
1517,14239,10194,10196
1518,14245,10197,10521
1519,14346,10264,10261
1520,14536,10363,10420
1521,15406,10734,4170
1522,15978,11031,5204
1523,19258,13286,10673
1524,19258,13286,4274
1525,19264,13289,10442
1526,19265,13290,10521
1527,19407,13405,10484
1528,19567,13506,5204
1529,20991,14506,4271
1530,20991,14506,14494
1531,20991,14506,14510
1532,22636,15581,4271
1533,23324,16029,5287
1534,23766,16308,16284
1535,23787,16323,15306
1536,168,97,117
1537,169,98,118
1538,1833,1316,4225
1539,2287,1725,10588
1540,3358,2496,4170
1541,5432,3949,3923
1542,7973,5773,5832
1543,8452,6130,6173
1544,9804,7120,9174
1545,14176,10134,5961
1546,14207,10162,5961
1547,14242,10196,10647
1548,14242,10196,10683
1549,14242,10196,6605
1550,14247,10198,10673
1551,14345,10263,10241
1552,14345,10263,10259
1553,14448,10328,4271
1554,14541,10366,10420
1555,14685,10414,10420
1556,16208,11153,10647
1557,16208,11153,10683
1558,16294,11193,10484
1559,16326,11204,10404
1560,18911,13047,10688
1561,19508,13455,3925
1562,19508,13455,3958
1563,19583,13513,10635
1564,19583,13513,10681
1565,19583,13513,14997
1566,19629,13537,10611
1567,19629,13537,10612
1568,19629,13537,10630
1569,21171,14609,5204
1570,21171,14609,5216
1571,22633,15578,4271
1572,22787,15666,15637
1573,23786,16322,15331
1574,1500,1026,9174
1575,1811,1286,4170
1576,3025,2287,4132
1577,3034,2294,4132
1578,3359,2497,4170
1579,5326,3876,4170
1580,5328,3877,4256
1581,10265,7543,4271
1582,12786,9305,1692
1583,13227,9624,4274
1584,13231,9626,12571
1585,13445,9719,4157
1586,13607,9787,4157
1587,14208,10163,15592
1588,14548,10368,10420
1589,16181,11143,10442
1590,16765,11507,4271
1591,17432,11934,4271
1592,19643,13545,10821
1593,20249,14021,14085
1594,21230,14639,6616
1595,23312,16018,4188
1596,23312,16018,4225
1597,23347,16047,11586
1598,23347,16047,15239
1599,23347,16047,15331
1600,23347,16047,15621
1601,23712,16268,15306
1602,24431,16841,16851
1603,24434,16844,16843
1604,7967,5770,10624
1605,13752,9837,5209
1606,17443,11945,10922
1607,24341,16771,5209
1608,2940,2221,2184
1609,14271,10209,5209
1610,16161,11137,10619
1611,16161,11137,11129
1612,18346,12624,12564
1613,791,516,10392
1614,2293,1731,11310
1615,7560,5478,2818
1616,18349,12627,12568
1617,23313,16019,15356
1618,3728,2766,10579
1619,3731,2768,15369
1620,13279,9646,9964
1621,19572,13508,5209
1622,23317,16022,15369
1623,3489,2586,10413
1624,3489,2586,10619
1625,8801,6372,3256
1626,9570,6943,3872
1627,16164,11138,11129
1628,18433,12700,12565
1629,19258,13286,5209
1630,19779,13627,5219
1631,2961,2237,15369
1632,8753,6325,6842
1633,16260,11184,10619
1634,3846,2824,2818
1635,13227,9624,5209
1636,13443,9718,5362
1637,23320,16025,3588
1638,2872,2180,2149
1639,1409,971,1048
1640,23346,16046,11569
1641,7560,5478,2789
1642,19506,13453,3952
1643,23324,16029,11569
1644,23324,16029,5294
1645,19508,13455,3952
1646,3846,2824,2789
1647,1106,756,4271
1648,1750,1206,4170
1649,2062,1548,1528
1650,2062,1548,1545
1651,2286,1724,5347
1652,2301,1739,10588
1653,2896,2191,4271
1654,2990,2260,4132
1655,3010,2275,4132
1656,3493,2590,10492
1657,5109,3710,5968
1658,6353,4622,4271
1659,7562,5479,10673
1660,7562,5479,2821
1661,7562,5479,11682
1662,7967,5770,5832
1663,8938,6466,4170
1664,9495,6889,4271
1665,11225,8150,8140
1666,11236,8156,8139
1667,11236,8156,8146
1668,11746,8492,8702
1669,11913,8620,15330
1670,13752,9837,12478
1671,14241,10195,10673
1672,14241,10195,6607
1673,14668,10408,10420
1674,14688,10415,10420
1675,15729,10887,10420
1676,15964,11017,11078
1677,15995,11048,10576
1678,16179,11142,10404
1679,16213,11156,10648
1680,17431,11933,11229
1681,19426,13414,10647
1682,19426,13414,10683
1683,20977,14501,14494
1684,21488,14798,3921
1685,21947,15166,10683
1686,22000,15212,10683
1687,22748,15647,15637
1688,23297,16012,4271
1689,23325,16030,15623
1690,23749,16297,16284
1691,24400,16814,10485
1692,2250,1699,1696
1693,2283,1721,10671
1694,2288,1726,10967
1695,2779,2101,4271
1696,2788,2107,4271
1697,2962,2238,4132
1698,3074,2317,4132
1699,3640,2700,10647
1700,3640,2700,10683
1701,4309,3148,4271
1702,6784,4928,4480
1703,7043,5089,4479
1704,7222,5203,5234
1705,10186,7490,4271
1706,10192,7495,4271
1707,10607,7829,7828
1708,13278,9645,4170
1709,13911,9906,4170
1710,14258,10204,5204
1711,14258,10204,5216
1712,15961,11014,4170
1713,15963,11016,11033
1714,17450,11952,10994
1715,17668,12126,15306
1716,19575,13509,10647
1717,19575,13509,10683
1718,21039,14521,14494
1719,21235,14640,4271
1720,21235,14640,14494
1721,21235,14640,14510
1722,22829,15689,4271
1723,22829,15689,15637
1724,22845,15697,15637
1725,23318,16023,11586
1726,23318,16023,15621
1727,23346,16046,11544
1728,23346,16046,11565
1729,23692,16250,15306
1730,23729,16279,16284
1731,23731,16281,16284
1732,23818,16354,15306
1733,23824,16360,15306
1734,23827,16363,15306
1735,23869,16393,4170
1736,24495,16898,1138
1737,24501,16904,10231
1738,705,434,428
1739,794,518,522
1740,1345,917,9313
1741,1403,967,998
1742,1405,968,998
1743,2381,1811,4271
1744,2981,2252,10681
1745,3080,2323,4132
1746,4656,3408,3511
1747,7594,5507,15306
1748,7685,5586,5601
1749,8549,6203,1692
1750,8917,6447,1153
1751,8917,6447,14965
1752,9246,6680,6653
1753,11727,8474,8702
1754,13290,9650,5204
1755,13579,9777,2599
1756,13912,9907,4274
1757,14271,10209,10647
1758,14271,10209,10683
1759,14271,10209,6605
1760,14622,10394,10420
1761,14679,10412,10420
1762,16139,11131,10404
1763,16161,11137,10484
1764,17442,11944,4271
1765,17663,12121,4274
1766,18346,12624,12625
1767,18346,12624,12626
1768,18346,12624,12627
1769,18346,12624,12633
1770,18904,13042,10635
1771,18904,13042,10681
1772,19513,13460,4015
1773,20239,14014,14085
1774,21177,14611,4271
1775,21253,14643,5204
1776,21253,14643,5216
1777,21835,15086,10683
1778,23311,16017,4170
1779,23311,16017,5202
1780,23878,16396,4170
1781,24226,16685,16723
1782,24432,16842,16854
1783,791,516,10414
1784,791,516,10420
1785,791,516,10470
1786,791,516,10598
1787,796,520,10534
1788,1475,1017,15283
1789,1818,1304,4170
1790,2923,2205,2095
1791,3651,2707,10635
1792,7560,5478,2823
1793,11223,8149,8120
1794,11991,8671,9127
1795,11991,8671,9166
1796,13436,9714,4170
1797,13522,9753,2599
1798,13617,9792,9695
1799,13920,9912,4188
1800,14371,10282,10283
1801,14796,10424,10420
1802,16490,11323,4271
1803,18127,12446,4271
1804,19140,13217,10647
1805,19140,13217,5961
1806,22760,15653,15637
1807,23230,15964,4271
1808,23313,16019,5291
1809,23313,16019,15360
1810,23723,16275,16284
1811,165,94,38
1812,793,517,478
1813,1422,979,1040
1814,1499,1025,4271
1815,1753,1208,10349
1816,2389,1818,4271
1817,2427,1841,1898
1818,2868,2176,2141
1819,3728,2766,2748
1820,3728,2766,10587
1821,3728,2766,10599
1822,3728,2766,10821
1823,3728,2766,10935
1824,3728,2766,10937
1825,3731,2768,10835
1826,6761,4906,4271
1827,7563,5480,2825
1828,8840,6391,5968
1829,9367,6779,1153
1830,9704,7046,4170
1831,10622,7838,227
1832,11730,8477,12545
1833,13216,9618,2599
1834,13279,9646,4274
1835,13621,9794,9701
1836,13765,9842,15307
1837,14599,10385,10420
1838,14797,10425,10420
1839,15968,11021,11078
1840,17589,12061,15306
1841,19253,13283,5202
1842,19398,13401,15306
1843,19515,13462,4015
1844,19711,13586,11682
1845,21006,14510,4271
1846,21006,14510,14494
1847,22042,15229,10647
1848,22740,15643,15637
1849,22759,15652,4271
1850,22759,15652,15637
1851,22847,15698,4271
1852,22847,15698,15637
1853,23295,16011,4271
1854,23317,16022,4274
1855,23326,16031,5956
1856,23344,16044,11586
1857,23344,16044,15239
1858,23344,16044,15331
1859,23351,16051,4170
1860,23725,16276,4271
1861,23748,16296,16298
1862,23758,16303,15231
1863,2384,1813,7263
1864,2631,2005,1994
1865,2994,2262,4132
1866,2996,2263,4132
1867,3005,2271,4132
1868,6764,4909,4443
1869,6764,4909,4479
1870,6764,4909,4507
1871,8940,6468,4170
1872,9570,6943,3932
1873,11994,8674,8570
1874,14239,10194,5204
1875,14239,10194,5216
1876,14346,10264,10211
1877,14801,10427,10420
1878,14838,10437,10420
1879,15785,10908,4271
1880,15966,11019,4271
1881,18433,12700,12714
1882,19258,13286,10647
1883,19258,13286,10683
1884,19312,13330,10647
1885,19407,13405,13433
1886,19653,13554,11682
1887,20709,14316,14430
1888,20991,14506,6616
1889,21335,14692,3965
1890,22750,15648,4271
1891,22750,15648,15637
1892,22825,15686,4271
1893,22825,15686,15637
1894,23324,16029,11552
1895,23324,16029,11565
1896,23324,16029,4186
1897,24445,16855,16854
1898,166,95,107
1899,2926,2208,2209
1900,3014,2277,4132
1901,3052,2306,4132
1902,5099,3701,5974
1903,6783,4927,4479
1904,6783,4927,4507
1905,6810,4940,4170
1906,8452,6130,6176
1907,8452,6130,10420
1908,8906,6436,1153
1909,8922,6452,1175
1910,13347,9672,11581
1911,14242,10196,10673
1912,14242,10196,6607
1913,14247,10198,10647
1914,14247,10198,10683
1915,14541,10366,10545
1916,14637,10399,10420
1917,15852,10932,10420
1918,16260,11184,10484
1919,19317,13335,4170
1920,19317,13335,9151
1921,19629,13537,10681
1922,19629,13537,10924
1923,21025,14515,14494
1924,21048,14525,14532
1925,21326,14686,922
1926,21424,14751,3941
1927,24442,16852,16843
1928,190,116,38
1929,201,119,118
1930,2284,1722,10588
1931,2957,2234,4132
1932,2963,2239,2314
1933,3084,2326,4132
1934,3486,2583,10647
1935,3486,2583,10683
1936,3665,2720,10588
1937,4865,3549,3511
1938,5328,3877,4238
1939,5328,3877,4274
1940,5328,3877,4307
1941,5445,3959,3930
1942,7283,5237,5244
1943,7874,5726,4170
1944,9522,6910,4225
1945,11697,8456,2579
1946,11791,8525,9166
1947,12786,9305,1484
1948,13227,9624,12478
1949,13607,9787,2599
1950,14537,10364,10420
1951,14832,10436,10420
1952,16547,11346,11373
1953,17432,11934,12022
1954,18610,12857,12810
1955,19260,13288,4271
1956,19450,13428,10647
1957,19450,13428,10683
1958,19643,13545,10530
1959,19690,13578,3925
1960,21230,14639,4271
1961,21230,14639,14494
1962,23312,16018,3396
1963,23312,16018,5216
1964,23347,16047,4271
1965,23347,16047,15623
1966,23713,16269,15306
1967,1750,1206,10349
1968,2062,1548,1527
1969,2301,1739,10968
1970,2837,2151,2181
1971,2889,2185,4271
1972,3040,2297,4132
1973,3493,2590,10923
1974,7565,5482,2826
1975,7645,5550,5551
1976,11225,8150,8122
1977,11726,8473,12528
1978,12796,9311,11588
1979,13638,9803,9875
1980,13752,9837,4157
1981,14241,10195,5204
1982,14241,10195,5216
1983,14873,10448,10420
1984,15405,10733,5968
1985,15964,11017,4271
1986,15964,11017,11041
1987,15995,11048,4170
1988,17443,11945,10411
1989,17443,11945,10635
1990,19633,13539,13554
1991,21488,14798,3976
1992,21945,15164,10404
1993,23325,16030,11552
1994,23325,16030,11565
1995,23325,16030,4186
1996,23749,16297,16309
1997,2021,1520,1542
1998,2250,1699,1679
1999,2388,1817,5978
2000,2956,2233,4132
2001,2969,2242,10681
2002,2974,2246,4132
2003,3249,2428,4170
2004,3640,2700,10635
2005,3713,2756,7228
2006,5404,3929,3910
2007,6784,4928,4469
2008,6784,4928,4479
2009,6784,4928,4507
2010,7564,5481,2825
2011,9571,6944,3932
2012,10187,7491,4271
2013,10547,7797,8109
2014,12084,8723,12478
2015,13221,9621,4157
2016,14258,10204,10673
2017,14258,10204,6607
2018,15961,11014,11036
2019,15963,11016,4170
2020,16202,11150,10404
2021,17668,12126,15331
2022,19517,13464,3925
2023,19517,13464,3958
2024,19575,13509,10635
2025,19575,13509,10681
2026,23318,16023,11585
2027,23318,16023,15353
2028,23318,16023,15632
2029,24495,16898,2831
2030,24495,16898,4211
2031,705,434,426
2032,794,518,478
2033,794,518,534
2034,1345,917,9320
2035,1411,972,3467
2036,1411,972,3511
2037,1421,978,1040
2038,2019,1519,1553
2039,2289,1727,10671
2040,3011,2276,4132
2041,3044,2301,4132
2042,3647,2704,2741
2043,4979,3614,3511
2044,5763,4204,5963
2045,5763,4204,5976
2046,5763,4204,5986
2047,6958,5045,5067
2048,6990,5064,5059
2049,6990,5064,5060
2050,7594,5507,15331
2051,8689,6285,4271
2052,8755,6327,4271
2053,8945,6473,4170
2054,11727,8474,12478
2055,13345,9671,2599
2056,14271,10209,10635
2057,14271,10209,10681
2058,14453,10331,10420
2059,14664,10406,10420
2060,16212,11155,10404
2061,16913,11608,4271
2062,17430,11932,4271
2063,18346,12624,12636
2064,18482,12737,15083
2065,18904,13042,10589
2066,18904,13042,10647
2067,18904,13042,10683
2068,19483,13436,10404
2069,19509,13456,3925
2070,19509,13456,3958
2071,19513,13460,3930
2072,19513,13460,3959
2073,20354,14087,4271
2074,21019,14512,14494
2075,21164,14605,4271
2076,21253,14643,6600
2077,22842,15696,15637
2078,23764,16306,16284
2079,24319,16757,16750
2080,791,516,10348
2081,791,516,10440
2082,791,516,10588
2083,791,516,4271
2084,791,516,491
2085,796,520,10345
2086,796,520,10349
2087,796,520,10391
2088,796,520,10539
2089,796,520,10576
2090,796,520,10931
2091,1475,1017,988
2092,1475,1017,15331
2093,2965,2240,4132
2094,2971,2244,2314
2095,3018,2281,4132
2096,3027,2288,4132
2097,3060,2312,4132
2098,3078,2321,4271
2099,3482,2579,10647
2100,3482,2579,10683
2101,3651,2707,10647
2102,3766,2784,10588
2103,5106,3707,5974
2104,6339,4609,4271
2105,7560,5478,2820
2106,9226,6661,5991
2107,10191,7494,4271
2108,11223,8149,4274
2109,11991,8671,9151
2110,13219,9620,12571
2111,13436,9714,12634
2112,13438,9715,4200
2113,14371,10282,10404
2114,14371,10282,4271
2115,14684,10413,10420
2116,15962,11015,11078
2117,17434,11936,10954
2118,17434,11936,4271
2119,19140,13217,10635
2120,19419,13411,10404
2121,19764,13614,4170
2122,20240,14015,4271
2123,21792,15049,4170
2124,23313,16019,4238
2125,23313,16019,4274
2126,23313,16019,15313
2127,23313,16019,15357
2128,174,103,38
2129,202,120,118
2130,1078,743,4271
2131,1426,983,1040
2132,3002,2268,4132
2133,3016,2279,4132
2134,3028,2289,4132
2135,3244,2426,4170
2136,3728,2766,10517
2137,3728,2766,10584
2138,3728,2766,10671
2139,3728,2766,10690
2140,3728,2766,10835
2141,3731,2768,2740
2142,3731,2768,10599
2143,8485,6156,6175
2144,8840,6391,5961
2145,9704,7046,9166
2146,11845,8562,15293
2147,13216,9618,9753
2148,13279,9646,2599
2149,13279,9646,14229
2150,13625,9796,9703
2151,15532,10802,10420
2152,16056,11081,4271
2153,16056,11081,11041
2154,16201,11149,10484
2155,16255,11181,15330
2156,17589,12061,15331
2157,19315,13333,5238
2158,19639,13542,10635
2159,19711,13586,2599
2160,21006,14510,14523
2161,21943,15163,10683
2162,22804,15675,4271
2163,22804,15675,15637
2164,23317,16022,6394
2165,23344,16044,11585
2166,23344,16044,4170
2167,23344,16044,5202
2168,23344,16044,5309
2169,23344,16044,15306
2170,23344,16044,15632
2171,23748,16296,16284
2172,24490,16893,5961
2173,2631,2005,1981
2174,2952,2230,4132
2175,2978,2249,4132
2176,5103,3704,5974
2177,6764,4909,4480
2178,6764,4909,4619
2179,6775,4919,4507
2180,8825,6383,6411
2181,9570,6943,3964
2182,10586,7816,9455
2183,12193,8811,8815
2184,14346,10264,10218
2185,14590,10382,10420
2186,14615,10392,7277
2187,14648,10403,10420
2188,14860,10444,10420
2189,15785,10908,10420
2190,15960,11013,11078
2191,15966,11019,11078
2192,16154,11136,15256
2193,16189,11145,15256
2194,18433,12700,12612
2195,18433,12700,12630
2196,18433,12700,12710
2197,18433,12700,12712
2198,19258,13286,10635
2199,19258,13286,10681
2200,19258,13286,4157
2201,19264,13289,10420
2202,19407,13405,10647
2203,19407,13405,10683
2204,19413,13407,13433
2205,19653,13554,2599
2206,19779,13627,9174
2207,20991,14506,5202
2208,21755,15024,10683
2209,22040,15227,10683
2210,22742,15644,15637
2211,22777,15661,4271
2212,22777,15661,15637
2213,22808,15677,15637
2214,22811,15679,4271
2215,22811,15679,15637
2216,23324,16029,15623
2217,168,97,38
2218,2973,2245,4132
2219,3037,2295,4132
2220,3358,2496,10404
2221,6783,4927,4480
2222,7341,5282,5297
2223,7559,5477,15306
2224,8452,6130,6180
2225,8753,6325,1175
2226,8753,6325,6441
2227,13347,9672,9696
2228,13347,9672,11556
2229,14242,10196,5204
2230,14242,10196,5216
2231,14247,10198,10635
2232,14247,10198,10681
2233,14823,10434,10420
2234,16208,11153,10484
2235,16294,11193,10647
2236,16294,11193,10683
2237,17438,11940,12022
2238,18911,13047,10485
2239,19127,13204,4170
2240,19317,13335,9166
2241,19317,13335,9187
2242,19583,13513,10673
2243,19629,13537,10647
2244,21001,14508,14494
2245,21048,14525,14527
2246,21048,14525,14529
2247,21596,14879,922
2248,22002,15214,10683
2249,22765,15655,4271
2250,22765,15655,15637
2251,1447,999,998
2252,1800,1257,5973
2253,3359,2497,10404
2254,3476,2574,10647
2255,3476,2574,10683
2256,3716,2758,10588
2257,3744,2774,10588
2258,6538,4762,4408
2259,12786,9305,1500
2260,13227,9624,4157
2261,13231,9626,4170
2262,13445,9719,4274
2263,13607,9787,4274
2264,14641,10400,10420
2265,14827,10435,10420
2266,16181,11143,10420
2267,19643,13545,10493
2268,20945,14492,4271
2269,21966,15178,10484
2270,22768,15657,4271
2271,22768,15657,15637
2272,23312,16018,4274
2273,23347,16047,11544
2274,23347,16047,11565
2275,23347,16047,15622
2276,23691,16249,15306
2277,23735,16285,16284
2278,24440,16850,16843
2279,7562,5479,10619
2280,7562,5479,11363
2281,11746,8492,5209
2282,19163,13238,10773
2283,21372,14712,3884
2284,21373,14713,3884
2285,18469,12727,12738
2286,1411,972,3515
2287,7979,5777,10624
2288,10373,7650,15369
2289,15994,11047,5215
2290,24336,16767,5209
2291,791,516,10906
2292,3651,2707,5209
2293,2897,2192,2224
2294,3728,2766,10638
2295,16201,11149,10619
2296,21956,15171,10619
2297,9683,7034,7026
2298,14245,10197,10862
2299,16154,11136,15281
2300,16189,11145,15281
2301,19567,13506,5209
2302,3674,2729,15369
2303,16208,11153,10619
2304,21171,14609,5209
2305,23880,16397,9137
2306,5430,3947,3922
2307,12786,9305,15356
2308,12786,9305,15366
2309,21286,14660,14659
2310,21966,15178,10619
2311,23312,16018,15369
2312,23325,16030,11569
2313,23325,16030,5294
2314,23347,16047,11569
2315,5310,3867,2576
2316,7562,5479,2818
2317,8777,6348,6842
2318,8800,6371,6833
2319,14241,10195,5209
2320,21777,15042,8974
2321,13278,9645,2576
2322,16193,11146,11129
2323,18492,12745,12738
2324,20317,14074,14077
2325,24443,16853,16839
2326,705,434,413
2327,794,518,15369
2328,18376,12650,12686
2329,18904,13042,10413
2330,18904,13042,10619
2331,21164,14605,6614
2332,796,520,10392
2333,3482,2579,10413
2334,3482,2579,10619
2335,3651,2707,10413
2336,6767,4911,4376
2337,7953,5763,10624
2338,11991,8671,9137
2339,13438,9715,4226
2340,7976,5775,10624
2341,9704,7046,9202
2342,13279,9646,8152
2343,17433,11935,10624
2344,6764,4909,4632
2345,8801,6372,8974
2346,8801,6372,10624
2347,19407,13405,10619
2348,19413,13407,15369
2349,19779,13627,5209
2350,7973,5773,10624
2351,14242,10196,5209
2352,16294,11193,10619
2353,3476,2574,10413
2354,3476,2574,10619
2355,3784,2795,2818
2356,9279,6707,6709
2357,11791,8525,9137
2358,13607,9787,2580
2359,7562,5479,2789
2360,3784,2795,2789
2361,175,104,38
2362,702,431,4168
2363,702,431,4170
2364,808,523,10517
2365,808,523,10671
2366,1750,1206,1235
2367,2285,1723,11308
2368,2286,1724,5351
2369,3043,2300,4132
2370,3697,2745,2726
2371,7562,5479,4170
2372,7964,5768,5832
2373,9257,6691,5961
2374,9495,6889,4225
2375,10189,7492,4271
2376,11225,8150,8124
2377,11236,8156,8118
2378,11726,8473,8702
2379,13368,9682,2599
2380,13752,9837,12505
2381,14241,10195,10521
2382,14241,10195,4170
2383,14241,10195,5202
2384,14241,10195,6603
2385,14241,10195,6606
2386,14241,10195,6608
2387,14421,10318,10420
2388,14511,10349,10420
2389,14606,10388,10420
2390,14611,10390,10420
2391,14783,10421,10420
2392,15964,11017,11044
2393,15995,11048,10577
2394,16066,11089,4271
2395,17443,11945,10923
2396,19077,13175,4170
2397,19163,13238,10635
2398,19633,13539,13552
2399,19644,13546,10484
2400,21258,14644,4271
2401,21258,14644,14494
2402,21777,15042,4170
2403,21945,15164,10647
2404,22781,15663,4271
2405,22781,15663,15637
2406,22834,15692,15637
2407,23284,16004,4271
2408,23325,16030,11550
2409,23325,16030,11556
2410,23325,16030,4188
2411,23325,16030,4225
2412,24400,16814,10404
2413,24436,16846,16850
2414,24441,16851,16843
2415,24444,16854,16850
2416,24500,16903,5961
2417,180,109,38
2418,1409,971,1040
2419,2444,1858,1898
2420,2791,2109,4271
2421,2969,2242,10420
2422,2970,2243,3964
2423,3640,2700,1148
2424,3640,2700,10598
2425,5385,3916,2638
2426,6802,4934,4507
2427,7684,5585,5601
2428,7966,5769,5832
2429,8944,6472,15306
2430,9473,6873,1199
2431,11227,8151,4157
2432,11239,8158,11556
2433,12084,8723,4271
2434,13278,9645,4274
2435,14177,10135,5961
2436,14258,10204,10442
2437,14258,10204,10539
2438,14804,10428,10420
2439,15776,10907,10420
2440,15835,10924,10420
2441,15963,11016,11039
2442,16065,11088,4271
2443,16202,11150,10647
2444,16202,11150,10683
2445,17010,11708,11750
2446,19254,13284,5238
2447,19575,13509,14972
2448,20317,14074,14076
2449,20355,14088,4271
2450,21979,15191,10683
2451,22752,15649,4271
2452,22752,15649,15637
2453,22831,15690,15637
2454,23750,16298,16284
2455,24495,16898,14999
2456,705,434,15306
2457,794,518,10598
2458,794,518,483
2459,1000,672,4271
2460,1411,972,3486
2461,2381,1811,5968
2462,3647,2704,2726
2463,3770,2788,10647
2464,5470,3973,5961
2465,10022,7373,4271
2466,11727,8474,4271
2467,16035,11076,11037
2468,16212,11155,10647
2469,16212,11155,10683
2470,18376,12650,12682
2471,18482,12737,15023
2472,18491,12744,12807
2473,18904,13042,10404
2474,19483,13436,10647
2475,19483,13436,10683
2476,19509,13456,4015
2477,19686,13576,4015
2478,20315,14072,14012
2479,21247,14642,14523
2480,21253,14643,6616
2481,22754,15650,4271
2482,22754,15650,15637
2483,22756,15651,15637
2484,22762,15654,4271
2485,22762,15654,15637
2486,23337,16041,5961
2487,23730,16280,16284
2488,24504,16907,5961
2489,791,516,10493
2490,791,516,10647
2491,796,520,10517
2492,796,520,10584
2493,796,520,10671
2494,796,520,10690
2495,796,520,10835
2496,1756,1211,10492
2497,2400,1828,4271
2498,2971,2244,9127
2499,2971,2244,15331
2500,3475,2573,10349
2501,3482,2579,10348
2502,3482,2579,10404
2503,3536,2633,10497
2504,5108,3709,5966
2505,6767,4911,4480
2506,6767,4911,4619
2507,6777,4921,4480
2508,6853,4974,3911
2509,7682,5584,5590
2510,8458,6135,10681
2511,8996,6510,4170
2512,9496,6890,15004
2513,9518,6907,15252
2514,11991,8671,9174
2515,12072,8717,15251
2516,13219,9620,12713
2517,13436,9714,4274
2518,14371,10282,10647
2519,14371,10282,10683
2520,14566,10377,10420
2521,14608,10389,10420
2522,14788,10423,10420
2523,16057,11082,15603
2524,17434,11936,10998
2525,17434,11936,10647
2526,18349,12627,12633
2527,19419,13411,10647
2528,19419,13411,10683
2529,19687,13577,13555
2530,20251,14023,14085
2531,20713,14319,4271
2532,23313,16019,11586
2533,23313,16019,15239
2534,23313,16019,15331
2535,23740,16290,16284
2536,24328,16763,10484
2537,24496,16899,5961
2538,202,120,117
2539,756,481,4170
2540,1753,1208,10484
2541,2040,1536,1545
2542,2228,1687,1678
2543,2294,1732,10967
2544,2389,1818,5968
2545,3001,2267,4132
2546,3028,2289,4124
2547,3028,2289,4126
2548,3083,2325,4132
2549,3728,2766,2706
2550,3728,2766,10345
2551,3728,2766,10349
2552,3728,2766,10391
2553,3728,2766,10539
2554,3728,2766,10576
2555,3728,2766,10931
2556,3731,2768,15306
2557,3769,2787,10647
2558,7219,5201,4170
2559,8485,6156,6176
2560,8687,6283,4271
2561,9704,7046,11682
2562,9704,7046,9126
2563,13279,9646,11585
2564,13279,9646,4170
2565,14179,10137,5968
2566,16056,11081,11044
2567,16255,11181,15256
2568,17562,12035,15306
2569,19416,13409,13433
2570,19617,13531,4271
2571,21198,14628,14629
2572,21946,15165,10683
2573,21989,15201,10683
2574,22042,15229,10838
2575,23317,16022,4168
2576,23317,16022,5287
2577,23328,16033,5961
2578,23344,16044,5291
2579,23344,16044,15360
2580,23867,16392,4170
2581,167,96,118
2582,1417,975,4271
2583,2631,2005,1991
2584,2927,2209,2208
2585,2952,2230,4124
2586,2952,2230,4126
2587,3489,2586,10349
2588,8801,6372,3246
2589,8801,6372,3255
2590,9637,7002,7024
2591,10586,7816,374
2592,13750,9836,4157
2593,14172,10130,10158
2594,14245,10197,10647
2595,14245,10197,10683
2596,14539,10365,10420
2597,15892,10954,4271
2598,18433,12700,12619
2599,18433,12700,12637
2600,19258,13286,10420
2601,19264,13289,10635
2602,19264,13289,10681
2603,19264,13289,4157
2604,19407,13405,10404
2605,19707,13582,10611
2606,19707,13582,10612
2607,19707,13582,10630
2608,20681,14299,14431
2609,20991,14506,5204
2610,20991,14506,5216
2611,21042,14522,14494
2612,21057,14532,14545
2613,21335,14692,3963
2614,23324,16029,11581
2615,23324,16029,4256
2616,24512,16913,14965
2617,169,98,38
2618,1748,1205,1235
2619,2287,1725,1736
2620,3358,2496,10647
2621,3358,2496,10683
2622,8753,6325,1153
2623,8753,6325,6447
2624,11229,8152,11586
2625,14242,10196,10521
2626,14242,10196,4170
2627,14242,10196,5202
2628,14242,10196,6603
2629,14242,10196,6606
2630,14242,10196,6608
2631,14345,10263,10265
2632,14345,10263,10274
2633,15965,11018,11078
2634,16294,11193,10404
2635,16326,11204,10484
2636,19317,13335,4274
2637,19317,13335,9126
2638,19317,13335,9156
2639,19317,13335,15288
2640,19583,13513,10539
2641,19629,13537,10404
2642,21171,14609,4271
2643,21171,14609,14494
2644,1500,1026,4271
2645,1811,1286,5973
2646,2284,1722,1728
2647,2781,2102,4271
2648,2819,2133,2175
2649,2870,2178,2211
2650,3359,2497,10647
2651,3359,2497,10683
2652,3476,2574,10348
2653,3476,2574,10404
2654,3486,2583,10420
2655,3694,2743,4154
2656,3694,2743,4163
2657,3694,2743,4218
2658,5326,3876,5961
2659,5328,3877,4168
2660,7960,5766,5832
2661,9979,7346,4271
2662,11729,8476,12531
2663,11791,8525,9174
2664,12448,9070,4170
2665,12786,9305,11585
2666,12786,9305,4170
2667,13227,9624,12505
2668,13229,9625,5306
2669,13990,9954,4170
2670,14208,10163,15610
2671,14613,10391,7277
2672,16181,11143,10635
2673,16181,11143,10681
2674,16349,11220,11247
2675,17436,11938,12022
2676,17669,12127,4188
2677,19075,13174,4170
2678,19256,13285,10635
2679,19256,13285,4157
2680,19260,13288,10635
2681,19260,13288,4157
2682,20989,14505,14494
2683,21035,14519,14494
2684,21241,14641,4271
2685,21241,14641,14494
2686,21241,14641,14510
2687,23312,16018,3575
2688,23312,16018,15331
2689,23321,16026,5978
2690,23347,16047,11571
2691,23347,16047,4188
2692,23347,16047,4225
2693,23347,16047,15285
2694,23347,16047,15619
2695,23710,16266,15306
2696,23752,16300,16284
2697,24429,16839,16849
2698,7562,5479,2795
2699,12796,9311,1502
2700,14241,10195,10862
2701,21945,15164,10619
2702,13278,9645,2580
2703,14516,10353,10352
2704,16202,11150,10619
2705,21292,14663,14659
2706,3770,2788,10413
2707,16212,11155,10619
2708,18346,12624,12562
2709,18346,12624,12565
2710,19483,13436,10619
2711,20376,14109,15369
2712,791,516,10413
2713,791,516,10579
2714,6767,4911,4632
2715,9518,6907,15356
2716,13623,9795,9702
2717,14371,10282,10619
2718,19419,13411,10619
2719,19764,13614,5209
2720,21792,15049,8974
2721,1753,1208,10922
2722,3728,2766,10392
2723,3769,2787,10413
2724,8758,6330,15369
2725,23344,16044,5209
2726,23758,16303,15369
2727,6764,4909,4376
2728,8801,6372,6833
2729,15960,11013,5219
2730,16154,11136,11129
2731,16189,11145,11129
2732,16302,11197,11129
2733,20991,14506,5209
2734,2890,2186,2222
2735,7950,5762,10624
2736,14242,10196,10862
2737,21171,14609,6614
2738,3838,2821,2818
2739,9494,6888,15356
2740,13607,9787,2576
2741,17432,11934,10624
2742,19513,13460,3952
2743,3838,2821,2789
2744,1750,1206,10922
2745,2285,1723,11310
2746,3493,2590,10619
2747,5678,4142,2576
2748,7565,5482,2798
2749,7645,5550,5544
2750,7971,5772,10624
2751,8777,6348,6833
2752,8800,6371,6842
2753,16179,11142,10619
2754,16179,11142,11129
2755,16195,11147,11129
2756,17431,11933,11214
2757,17443,11945,10490
2758,6802,4934,4632
2759,14258,10204,10862
2760,15961,11014,5215
2761,1678,1153,1180
2762,2827,2141,2176
2763,2834,2148,2179
2764,16139,11131,10619
2765,21970,15182,10619
2766,23311,16017,5209
2767,791,516,10638
2768,796,520,10922
2769,3835,2820,2818
2770,6767,4911,4392
2771,7958,5765,10624
2772,3731,2768,10392
2773,15968,11021,5219
2774,19711,13586,2576
2775,16154,11136,15369
2776,16189,11145,15369
2777,19779,13627,9202
2778,21335,14692,3872
2779,19583,13513,10862
2780,11729,8476,12542
2781,16181,11143,11129
2782,19637,13541,3878
2783,23347,16047,15356
2784,23347,16047,15366
2785,3835,2820,2789
2786,23317,16022,5294
2787,7969,5771,10624
2788,19426,13414,10619
2789,2983,2254,3884
2790,14258,10204,5209
2791,24501,16904,12477
2792,15994,11047,5219
2793,18491,12744,12738
2794,19631,13538,10638
2795,21253,14643,5209
2796,796,520,10906
2797,6853,4974,3878
2798,11223,8149,15296
2799,18349,12627,12565
2800,23313,16019,5209
2801,793,517,15369
2802,3728,2766,10922
2803,16255,11181,15369
2804,22042,15229,10619
2805,7986,5782,10624
2806,8801,6372,6842
2807,14239,10194,5209
2808,18433,12700,12568
2809,3086,2328,9128
2810,13347,9672,8154
2811,24332,16765,12493
2812,3486,2583,10413
2813,3486,2583,10619
2814,12786,9305,1473
2815,19403,13403,15281
2816,19450,13428,10619
2817,23312,16018,5209
2818,19517,13464,3952
2819,23318,16023,11569
2820,705,434,409
2821,19509,13456,3952
2822,1750,1206,10413
2823,3493,2590,10922
2824,3844,2823,2818
2825,13752,9837,15281
2826,19320,13338,9137
2827,2970,2243,3872
2828,8001,5791,10624
2829,15547,10811,10810
2830,19507,13454,3878
2831,19575,13509,10862
2832,21039,14521,5209
2833,794,518,465
2834,14271,10209,10862
2835,16291,11192,10619
2836,19139,13216,5528
2837,796,520,10413
2838,796,520,10579
2839,2833,2147,2177
2840,8050,5825,10624
2841,8453,6131,2576
2842,19140,13217,3878
2843,19764,13614,5219
2844,19765,13615,9137
2845,23954,16433,9202
2846,9704,7046,10619
2847,19398,13401,10619
2848,21006,14510,5209
2849,1417,975,9202
2850,2876,2182,2131
2851,15960,11013,5215
2852,18419,12689,12691
2853,19413,13407,15281
2854,7975,5774,10624
2855,9804,7120,9202
2856,14247,10198,10862
2857,19317,13335,15356
2858,19616,13530,5209
2859,1500,1026,9202
2860,8089,5841,10624
2861,13227,9624,15281
2862,19256,13285,5209
2863,21230,14639,5209
2864,3844,2823,2789
2865,1421,978,1048
2866,1426,983,1048
