action_dependent_action_id,action_resource_type_id,action_id,dependent_action_id
1,1503,1124,1200
2,2805,2209,2248
3,4600,3515,3520
4,5705,4250,4331
5,8584,6502,6520
6,8664,6567,6619
7,9463,7179,7178
8,11503,8839,8833
9,11840,9120,8604
10,14540,11013,11009
11,14540,11013,11010
12,14540,11013,11011
13,14540,11013,11022
14,14540,11013,11026
15,14540,11013,11062
16,14540,11013,11067
17,14736,11189,11139
18,14736,11189,11141
19,15151,11540,11639
20,16351,12447,12479
21,17379,13211,13232
22,17382,13213,13232
23,17392,13219,13232
24,17404,13225,13232
25,18547,13969,4751
26,18641,14035,13986
27,18641,14035,13990
28,18756,14107,14094
29,19419,14625,14650
30,19465,14661,14694
31,21065,15834,15958
32,21860,16476,16490
33,21948,16553,16582
34,23230,17554,17745
35,23230,17554,17779
36,24381,18388,18404
37,26019,19653,19754
38,26754,20266,20261
39,220,146,176
40,573,353,412
41,1757,1288,1307
42,2247,1728,1870
43,2412,1873,1731
44,2456,1915,17852
45,4043,3135,3062
46,4043,3135,3131
47,4990,3790,4007
48,5703,4248,4331
49,6219,4654,4551
50,8166,6145,6190
51,10130,7699,7731
52,10134,7702,7731
53,10356,7896,7931
54,11665,8983,9034
55,11858,9138,9168
56,11928,9208,9268
57,14983,11398,11673
58,14993,11399,11674
59,14995,11399,11674
60,17171,13103,13232
61,17408,13227,13232
62,17582,13259,13232
63,18430,13868,13232
64,18440,13868,13232
65,18745,14102,14094
66,18765,14109,14094
67,19764,14831,14886
68,21067,15836,15958
69,22570,17062,17157
70,23862,17957,17999
71,23895,17984,18005
72,24156,18181,18247
73,26421,19981,20035
74,26423,19982,20035
75,26746,20263,20261
76,229,152,176
77,1337,989,6860
78,1497,1119,1200
79,1861,1383,1379
80,2353,1822,1828
81,2436,1895,13544
82,3428,2671,2733
83,3432,2673,2733
84,4051,3140,3163
85,4115,3187,3192
86,4601,3515,17232
87,5462,4046,4076
88,6201,4648,4534
89,6217,4653,4545
90,8364,6306,6339
91,8794,6643,6713
92,10196,7752,7768
93,10242,7798,7871
94,12104,9363,9813
95,12104,9363,408
96,12138,9381,9813
97,12138,9381,408
98,14080,10680,10691
99,14952,11372,11671
100,15232,11615,11630
101,15232,11615,11634
102,15709,12024,12037
103,17288,13172,13232
104,17327,13189,13232
105,17596,13264,13232
106,23,13,4844
107,340,225,254
108,569,349,348
109,1669,1223,1274
110,2417,1876,1734
111,4106,3180,3192
112,4947,3769,3829
113,5430,4026,3924
114,5517,4086,4118
115,6194,4645,4545
116,6195,4645,4545
117,8650,6560,6619
118,346,231,241
119,1364,1007,1018
120,1518,1131,1200
121,1723,1273,1274
122,2261,1736,1878
123,4600,3515,17232
124,6184,4640,4518
125,6194,4645,4544
126,6195,4645,4544
127,8365,6307,6339
128,9463,7179,7174
129,9463,7179,7175
130,9559,7268,7350
131,11238,8655,8650
132,12117,9368,9415
133,12770,9817,9832
134,12770,9817,9843
135,14079,10679,10691
136,14985,11398,11673
137,15708,12023,12037
138,17317,13182,13232
139,17415,13231,13232
140,17575,13256,13232
141,18118,13639,13232
142,18641,14035,13984
143,18641,14035,13996
144,18768,14110,14094
145,19760,14830,14886
146,19918,14930,15021
147,22059,16639,16670
148,24455,18449,18500
149,772,539,551
150,1510,1127,1200
151,1666,1220,1274
152,2456,1915,17849
153,2568,2019,2043
154,2799,2203,2248
155,4105,3180,3192
156,5702,4247,4331
157,7725,5787,5875
158,7734,5793,5875
159,8582,6500,6520
160,14626,11079,11209
161,14996,11399,11674
162,16440,12493,12594
163,17157,13093,13232
164,17266,13158,13232
165,17298,13175,13232
166,17557,13249,13232
167,18549,13971,14032
168,18689,14076,13867
169,19920,14932,15021
170,20533,15417,15461
171,21248,15982,16027
172,21939,16548,16582
173,22354,16894,16888
174,22355,16895,16891
175,23197,17523,17719
176,1499,1121,1200
177,1724,1273,1274
178,1807,1335,1412
179,2725,2148,2175
180,2802,2206,2248
181,2811,2214,2248
182,2911,2283,2266
183,3460,2692,2733
184,3797,2965,2988
185,4601,3515,3520
186,4954,3774,4007
187,5460,4044,4076
188,5463,4047,4076
189,6205,4649,4544
190,6226,4659,4557
191,8794,6643,6722
192,8801,6650,6722
193,10196,7752,7764
194,10583,8098,8158
195,11418,8783,8650
196,11618,8946,8969
197,12110,9363,9813
198,12110,9363,408
199,12988,9944,10008
200,14951,11372,11671
201,14962,11379,11398
202,16452,12499,12594
203,17029,12985,12998
204,17241,13139,13232
205,17351,13201,13232
206,17362,13206,13232
207,17396,13221,13232
208,17541,13242,13232
209,17558,13249,13232
210,17561,13250,13232
211,17581,13258,13232
212,17589,13261,13232
213,17594,13264,13232
214,18770,14111,14094
215,18923,14230,14223
216,19418,14624,14650
217,19469,14663,14694
218,19483,14669,14694
219,19546,14707,14748
220,21803,16425,20456
221,21884,16494,16502
222,22793,17255,17319
223,23362,17678,17663
224,23876,17968,17958
225,24809,18717,18735
226,28,16,4843
227,1379,1022,1031
228,1513,1128,1200
229,1516,1130,1200
230,1672,1226,1274
231,2318,1790,1828
232,2400,1865,1723
233,2435,1894,1902
234,2438,1897,1907
235,2438,1897,14300
236,2973,2340,2266
237,4267,3294,3308
238,4749,3614,3635
239,5204,3916,10076
240,6177,4636,4512
241,6199,4647,4526
242,6199,4647,4528
243,7317,5513,5580
244,7726,5788,5875
245,8799,6648,6722
246,9027,6830,6883
247,10367,7906,7987
248,10445,7983,7931
249,12107,9363,9813
250,12107,9363,408
251,12223,9434,9465
252,12223,9434,9466
253,14797,11222,11220
254,15317,11677,11708
255,15663,11998,12037
256,16975,12932,4694
257,17376,13210,13232
258,18396,13850,13232
259,18658,14051,3864
260,18658,14051,3979
261,18771,14112,14094
262,18781,14120,14110
263,19101,14373,14425
264,19458,14657,14694
265,19464,14660,14694
266,21071,15840,15958
267,23188,17516,17739
268,23188,17516,17743
269,23228,17554,17745
270,23228,17554,17779
271,24894,18799,18832
272,24894,18799,18837
273,25934,19590,19754
274,26410,19974,20035
275,26425,19982,20035
276,1169,862,893
277,1215,892,893
278,1754,1286,1307
279,2236,1717,1859
280,2319,1791,1828
281,2393,1858,1716
282,3430,2672,2733
283,3953,3070,3107
284,3953,3070,3109
285,3953,3070,3112
286,4050,3139,3163
287,4099,3176,3192
288,4295,3313,3341
289,4425,3391,3426
290,4496,3443,3532
291,4731,3604,3612
292,5579,4137,6851
293,6197,4645,4545
294,6220,4654,4543
295,7069,5333,5372
296,8766,6627,6610
297,8766,6627,6611
298,9712,7373,7400
299,11205,8634,8643
300,11839,9119,8603
301,11894,9174,9180
302,14539,11012,11034
303,14539,11012,11051
304,14647,11100,11209
305,17170,13103,13232
306,17399,13222,13232
307,17536,13240,13232
308,17566,13251,13232
309,18203,13720,13232
310,18545,13967,14032
311,18746,14102,14094
312,19420,14626,14650
313,20114,15075,15155
314,21253,15987,16027
315,23481,17737,17634
316,23881,17972,17984
317,25154,19043,19039
318,25902,19561,19584
319,25939,19595,19754
320,25941,19597,19754
321,26230,19822,19840
322,1210,891,893
323,2012,1503,1516
324,2584,2035,2001
325,3706,2891,2948
326,3938,3058,3120
327,3941,3060,3120
328,4246,3275,3192
329,4599,3515,3520
330,4917,3751,3866
331,4979,3784,4007
332,5621,4169,4223
333,6206,4649,4545
334,6222,4656,4549
335,7311,5507,5580
336,8164,6143,6190
337,8429,6365,6320
338,8429,6365,6376
339,8663,6566,6619
340,9200,6968,6981
341,10361,7900,8001
342,10485,8007,8019
343,11028,8471,8454
344,11416,8783,8650
345,12122,9369,9415
346,13207,10115,10135
347,15154,11543,11639
348,15710,12025,12037
349,17529,13236,13232
350,17535,13239,13232
351,18546,13968,13987
352,18783,14121,14109
353,18951,14257,14320
354,19917,14929,15021
355,20076,15042,15040
356,21314,16030,15979
357,21314,16030,16024
358,21314,16030,16037
359,21314,16030,16045
360,21314,16030,16046
361,21633,16288,16311
362,23175,17505,17719
363,23183,17513,17719
364,23208,17534,17719
365,23901,17984,18005
366,24081,18116,18165
367,26317,19897,19898
368,26741,20260,20297
369,26749,20265,20261
370,226,150,176
371,1165,861,893
372,2620,2055,2077
373,2800,2204,2248
374,2807,2211,2248
375,3454,2687,2733
376,4296,3313,3341
377,4900,3744,3800
378,4914,3748,3834
379,6187,4641,4550
380,6203,4649,4544
381,6216,4653,4545
382,8246,6209,6223
383,9528,7237,7257
384,11245,8658,8725
385,11932,9212,9268
386,12139,9381,9813
387,12139,9381,408
388,12332,9527,9556
389,14619,11072,11219
390,14992,11399,11674
391,17305,13176,13232
392,17349,13200,13232
393,17523,13234,13232
394,17526,13235,13232
395,17545,13244,13232
396,17586,13259,13232
397,18210,13723,13232
398,18211,13723,13232
399,18439,13868,13232
400,18691,14078,14365
401,18691,14078,14388
402,18691,14078,14404
403,18954,14260,14258
404,19055,14333,14360
405,19462,14660,14694
406,21720,16357,16403
407,22334,16874,16873
408,22356,16896,16900
409,22415,16953,16954
410,22571,17063,17157
411,24007,18055,18061
412,24343,18352,18267
413,26390,19961,19969
414,26597,20119,20114
415,521,325,343
416,1517,1131,1200
417,2621,2056,2077
418,2808,2212,2248
419,4107,3181,3192
420,4119,3191,3192
421,4269,3296,3308
422,4429,3395,3426
423,5521,4090,4118
424,5797,4328,4331
425,7055,5327,5372
426,8371,6313,6336
427,10246,7802,7871
428,10580,8096,8158
429,11242,8656,8655
430,11852,9132,9131
431,12994,9948,10008
432,15155,11544,11551
433,15238,11621,11639
434,16586,12584,12594
435,17172,13104,13232
436,17312,13180,13232
437,17319,13184,13232
438,17360,13205,13232
439,17556,13249,13232
440,18404,13851,13232
441,18428,13868,13232
442,18436,13868,13232
443,18642,14036,4751
444,18672,14063,14065
445,18685,14072,13139
446,18685,14072,13323
447,18685,14072,13866
448,19478,14668,14694
449,20075,15041,15064
450,26032,19665,19754
451,26415,19976,20035
452,26419,19980,20035
453,26869,20369,20422
454,338,225,254
455,1445,1078,1108
456,2388,1853,1872
457,2416,1875,1733
458,3458,2691,2733
459,3708,2893,2948
460,3761,2943,2948
461,5518,4087,4118
462,6230,4661,4561
463,7155,5397,5500
464,8168,6147,6190
465,11176,8605,9115
466,11548,8880,8889
467,11582,8914,8920
468,12106,9363,9813
469,12106,9363,408
470,17365,13207,13232
471,17542,13242,13232
472,18953,14259,14320
473,19016,14311,14320
474,19260,14491,14440
475,19486,14672,14671
476,21051,15821,15958
477,21058,15828,15958
478,21249,15983,16008
479,21249,15983,16023
480,21249,15983,16025
481,21249,15983,16038
482,21249,15983,16044
483,21249,15983,16048
484,21249,15983,16049
485,22353,16893,16885
486,22790,17253,17319
487,26025,19658,19754
488,26748,20264,20261
489,782,549,551
490,1996,1487,1491
491,2394,1859,1717
492,2395,1860,1718
493,2570,2021,2043
494,3434,2674,2733
495,3710,2895,2948
496,3946,3063,3057
497,4041,3133,3062
498,4598,3515,17232
499,5216,3920,10078
500,6178,4637,4506
501,6192,4644,4524
502,6204,4649,4545
503,7064,5330,5372
504,7730,5791,5875
505,8163,6142,6190
506,8800,6649,6713
507,9592,7301,7300
508,9592,7301,7312
509,10994,8449,8437
510,11019,8464,8454
511,11647,8970,8969
512,11935,9215,9268
513,12115,9368,9415
514,19469,14663,14661
515,19488,14673,14660
516,19488,14673,14694
517,19547,14708,14748
518,20080,15045,15063
519,21069,15838,15958
520,21983,16580,16582
521,23184,17514,17719
522,23876,17968,18086
523,26300,19883,19900
524,26336,19907,19949
525,26735,20254,20338
526,182,118,141
527,336,225,254
528,985,715,808
529,1501,1122,1200
530,1756,1288,1307
531,2230,1711,1872
532,2272,1747,1757
533,2583,2034,2043
534,2898,2274,2266
535,3939,3059,3120
536,4228,3258,3192
537,4491,3439,3532
538,4842,3692,3732
539,8583,6501,6520
540,9562,7271,7350
541,11175,8604,9106
542,11617,8945,8969
543,11654,8973,8969
544,11931,9211,9268
545,12103,9363,9813
546,12103,9363,408
547,12136,9381,9813
548,12136,9381,408
549,12223,9434,9467
550,12990,9945,10008
551,14947,11372,11671
552,16593,12587,12594
553,16975,12932,6881
554,17302,13176,13232
555,17322,13186,13232
556,17357,13203,13232
557,18117,13639,13232
558,18434,13868,13232
559,18743,14102,14094
560,18875,14182,14226
561,19101,14373,14369
562,19207,14442,14436
563,19759,14830,14886
564,21061,15830,15958
565,21702,16340,16334
566,21952,16555,16551
567,23188,17516,17729
568,23904,17984,18005
569,24077,18113,18165
570,24894,18799,18844
571,26874,20373,20422
572,935,676,696
573,978,708,808
574,1170,863,893
575,1496,1118,1200
576,1720,1271,1274
577,2239,1720,1862
578,2741,2161,2158
579,2762,2174,2175
580,2897,2273,2266
581,3060,2396,2483
582,3916,3039,3052
583,3953,3070,3108
584,4109,3182,3192
585,4303,3316,3341
586,4822,3678,3680
587,6209,4651,4538
588,6501,4913,4928
589,6988,5269,5271
590,8326,6270,6298
591,8363,6305,6309
592,8659,6563,6558
593,10252,7808,7871
594,12102,9363,9813
595,12102,9363,408
596,14539,11012,11036
597,14539,11012,11040
598,14539,11012,11050
599,14539,11012,11053
600,14539,11012,11059
601,14627,11080,11209
602,15255,11637,11586
603,17271,13162,13232
604,17306,13177,13232
605,17308,13178,13232
606,17318,13183,13232
607,17579,13257,13232
608,18395,13850,13232
609,18401,13851,13232
610,18545,13967,13992
611,18876,14183,14223
612,19395,14601,14608
613,20298,15235,15292
614,20302,15239,15292
615,21068,15837,15958
616,22091,16666,16670
617,23481,17737,17631
618,23528,17782,17781
619,23887,17978,17984
620,25154,19043,19041
621,864,613,658
622,936,677,696
623,1787,1315,1324
624,2160,1641,1693
625,2258,1733,1875
626,2653,2082,2123
627,2906,2280,2266
628,4052,3141,3163
629,4111,3184,3192
630,4599,3515,17232
631,4963,3777,4007
632,5550,4116,4118
633,5574,4132,6860
634,6210,4651,4539
635,7453,5618,5722
636,8429,6365,6346
637,8544,6465,6493
638,8665,6568,6619
639,9058,6857,6883
640,10028,7629,7614
641,11026,8470,8454
642,14987,11398,11673
643,16588,12585,12594
644,17267,13159,13232
645,17295,13175,13232
646,17387,13215,13232
647,17401,13224,13232
648,18546,13968,14032
649,18577,13999,14032
650,18750,14105,14094
651,20631,15471,15477
652,21314,16030,16008
653,21314,16030,16023
654,21314,16030,16025
655,21314,16030,16038
656,21314,16030,16044
657,21314,16030,16048
658,21314,16030,16049
659,21814,16435,20464
660,22326,16866,16865
661,22796,17258,17319
662,24031,18078,18092
663,24079,18115,18116
664,24151,18177,18182
665,26024,19657,19754
666,26741,20260,20261
667,1265,924,2130
668,1265,924,8645
669,2271,1746,1780
670,2411,1872,1730
671,2441,1900,13445
672,3536,2747,2745
673,3840,2993,2988
674,4427,3393,3426
675,4771,3633,3635
676,4940,3766,4007
677,5700,4245,13506
678,5800,4329,4328
679,5800,4329,4331
680,7068,5333,5372
681,7731,5791,5875
682,8666,6568,6619
683,9557,7266,7350
684,11027,8471,8454
685,11249,8662,8650
686,11414,8781,8650
687,13120,10044,10104
688,14968,11384,11398
689,15702,12019,12037
690,17269,13161,13232
691,17297,13175,13232
692,17386,13215,13232
693,17390,13217,13232
694,17413,13230,13232
695,17527,13235,13232
696,18427,13868,13232
697,18541,13963,14032
698,19479,14668,14694
699,19833,14878,14886
700,19923,14935,15021
701,20725,15552,15587
702,21073,15842,15958
703,23896,17984,18005
704,23911,17988,17971
705,24152,18177,18247
706,24458,18452,18500
707,26871,20370,20422
708,26876,20375,20422
709,1841,1364,1397
710,2253,1730,1872
711,2446,1905,13445
712,2798,2202,2248
713,4103,3178,3192
714,4258,3285,3192
715,10366,7905,7987
716,11009,8457,8460
717,11852,9132,9127
718,12998,9951,10008
719,14083,10681,10691
720,14646,11099,11209
721,14796,11222,11219
722,15155,11544,11564
723,17260,13155,13232
724,18685,14072,14092
725,18685,14072,13138
726,18685,14072,13225
727,18959,14265,14309
728,21866,16482,16481
729,21951,16555,16551
730,22265,16807,16800
731,22800,17262,17319
732,23186,17516,17745
733,23186,17516,17779
734,26818,20327,20338
735,27100,20573,20595
736,983,713,808
737,2388,1853,1711
738,2401,1866,1724
739,2744,2163,2165
740,2804,2208,2248
741,4376,3348,3360
742,4952,3773,4007
743,8807,6655,6713
744,11029,8472,8454
745,11461,8811,8833
746,11508,8843,8875
747,12114,9367,9415
748,14540,11013,11006
749,14540,11013,11028
750,14540,11013,11066
751,14989,11398,11673
752,17546,13244,13232
753,18399,13850,13232
754,18547,13969,14032
755,18641,14035,13992
756,18757,14107,14094
757,18844,14161,14094
758,19050,14328,14312
759,19103,14375,14425
760,19838,14881,14886
761,22581,17073,17157
762,23230,17554,17729
763,24850,18755,18751
764,26750,20265,20261
765,181,117,141
766,2440,1899,1912
767,2440,1899,6073
768,2440,1899,6084
769,2721,2144,6336
770,3833,2990,2988
771,4063,3152,3156
772,4703,3576,3606
773,4705,3578,3606
774,4927,3756,3922
775,5086,3839,10057
776,5622,4170,4223
777,5796,4328,4331
778,7065,5331,5372
779,7455,5620,5722
780,8797,6646,6722
781,8803,6651,6722
782,9556,7265,7350
783,11030,8472,8454
784,11413,8781,8650
785,12118,9369,9415
786,4968,3780,4007
787,5551,4117,4118
788,7057,5327,5372
789,7067,5332,5372
790,9094,6880,6883
791,9717,7378,7400
792,11124,8553,8579
793,11176,8605,9107
794,12900,9875,9879
795,15624,11966,12037
796,16589,12585,12594
797,12215,9426,9497
798,17375,13210,13232
799,17385,13215,13232
800,17403,13225,13232
801,17578,13257,13232
802,18758,14107,14094
803,19099,14371,14425
804,19102,14374,14425
805,19408,14614,14613
806,21249,15983,15979
807,21249,15983,16024
808,21249,15983,16027
809,21249,15983,16037
810,21249,15983,16045
811,21249,15983,16046
812,21542,16209,16270
813,21947,16552,16582
814,25140,19029,19044
815,14794,11220,11167
816,26299,19882,19900
817,15700,12018,12037
818,17041,12995,12984
819,17041,12995,12998
820,17265,13158,13232
821,17354,13202,13232
822,17383,13214,13232
823,17525,13235,13232
824,18429,13868,13232
825,18686,14073,14092
826,23173,17503,17719
827,23300,17623,17605
828,23890,17981,18082
829,24044,18090,17958
830,25940,19596,19754
831,865,614,658
832,1844,1367,1368
833,1848,1371,1412
834,1935,1442,1487
835,1935,1442,1491
836,2437,1896,13445
837,3836,2991,2988
838,3947,3064,3060
839,3952,3069,3104
840,3952,3069,3105
841,7733,5793,5875
842,26418,19979,20035
843,26487,20034,20035
844,26753,20266,20261
845,988,718,808
846,1722,1273,1274
847,8262,6220,6223
848,977,707,808
849,14545,11017,11008
850,1446,1079,1108
851,1508,1126,1200
852,2255,1731,1873
853,2398,1863,1721
854,2810,2214,2248
855,3917,3040,3052
856,4299,3315,3341
857,4947,3769,4007
858,5201,3916,10076
859,15629,11968,12037
860,16639,12603,12618
861,17395,13220,13232
862,19489,14673,14660
863,19489,14673,14694
864,19755,14826,14886
865,19773,14837,14886
866,20121,15082,15155
867,5461,4045,4076
868,10355,7895,7931
869,7056,5327,5372
870,7236,5459,5500
871,7436,5606,5722
872,8365,6307,6336
873,8650,6560,6556
874,8662,6566,6619
875,8807,6655,6722
876,9020,6826,6858
877,9199,6967,6981
878,11840,9120,9106
879,12873,9848,9832
880,14540,11013,11008
881,14540,11013,11016
882,14540,11013,11017
883,14540,11013,11025
884,15151,11540,11638
885,15711,12026,12037
886,16442,12494,12594
887,16451,12499,12594
888,16704,12661,12685
889,17293,13175,13232
890,17595,13264,13232
891,18641,14035,14032
892,18761,14108,14094
893,19019,14314,14320
894,19056,14334,14360
895,19104,14376,14425
896,21365,16073,16092
897,23230,17554,17739
898,23230,17554,17743
899,23906,17984,18005
900,24073,18110,18165
901,335,224,254
902,1172,864,893
903,1209,891,893
904,1671,1225,1274
905,2235,1716,1858
906,2242,1723,1865
907,2396,1861,1719
908,2403,1868,1726
909,4300,3315,3341
910,4302,3316,3341
911,5850,4348,4373
912,6219,4654,4543
913,6502,4914,4928
914,7728,5790,5875
915,9032,6834,6883
916,9485,7200,7221
917,11662,8980,9034
918,14997,11399,11674
919,15369,11717,11735
920,15625,11966,12037
921,16439,12492,12594
922,17291,13174,13232
923,17533,13238,13232
924,17559,13250,13232
925,17593,13263,13232
926,18689,14076,13323
927,18689,14076,13866
928,18776,14115,14110
929,20779,15595,15604
930,21066,15835,15958
931,21335,16051,16092
932,21336,16051,16092
933,21468,16152,16153
934,22307,16849,16848
935,22381,16921,16922
936,23194,17521,17719
937,23195,17521,17719
938,23889,17980,17984
939,24379,18386,18404
940,868,616,658
941,1171,863,893
942,1933,1441,1439
943,2353,1822,1829
944,2571,2022,2043
945,3465,2695,2733
946,3837,2991,2988
947,4298,3315,3341
948,4750,3614,3635
949,4821,3677,3680
950,4962,3777,4007
951,6217,4653,4544
952,9028,6831,6883
953,9570,7279,7350
954,10578,8095,8158
955,10914,8376,8386
956,11244,8657,8650
957,10575,8093,8158
958,12109,9363,9813
959,12109,9363,408
960,12116,9368,9415
961,14622,11075,11082
962,14622,11075,11139
963,15055,11457,11456
964,15145,11536,11639
965,15191,11580,11586
966,15232,11615,11632
967,15468,11813,11809
968,17027,12984,12998
969,17310,13179,13232
970,17397,13221,13232
971,17554,13248,13232
972,17597,13264,13232
973,18923,14230,14182
974,11025,8469,8454
975,14623,11076,11209
976,14637,11090,11209
977,15626,11967,12037
978,17026,12983,12985
979,17275,13165,13232
980,18923,14230,14217
981,19766,14832,14886
982,22704,17184,19754
983,23204,17530,17719
984,23876,17968,17984
985,23891,17982,17984
986,23894,17984,18005
987,26033,19666,19754
988,26420,19981,20035
989,26745,20263,20261
990,707,476,551
991,709,478,551
992,2230,1711,1730
993,2259,1734,1876
994,2272,1747,1775
995,2414,1873,1731
996,2438,1897,14294
997,3464,2695,2733
998,4046,3138,3163
999,4097,3175,3192
1000,4297,3314,3341
1001,4430,3396,3426
1002,4978,3784,4007
1003,5519,4088,4118
1004,5699,4244,4331
1005,7454,5619,5722
1006,7735,5793,5875
1007,8367,6309,6337
1008,10129,7698,7731
1009,10572,8090,8158
1010,11175,8604,9114
1011,11236,8654,8650
1012,11247,8660,8650
1013,12223,9434,9488
1014,12223,9434,9497
1015,14797,11222,11219
1016,15153,11542,11599
1017,15235,11618,11639
1018,15370,11718,11735
1019,16975,12932,6853
1020,17307,13178,13232
1021,17320,13185,13232
1022,17355,13202,13232
1023,17371,13210,13232
1024,17384,13215,13232
1025,18353,13821,13232
1026,18455,13877,13232
1027,22576,17068,17157
1028,18767,14110,14094
1029,19406,14612,14621
1030,21174,15941,15958
1031,22572,17064,17157
1032,22792,17255,17319
1033,23228,17554,17729
1034,24451,18446,18500
1035,24894,18799,18835
1036,1,1,4843
1037,794,552,551
1038,1206,890,893
1039,2724,2147,2175
1040,3942,3060,3120
1041,3953,3070,3106
1042,3955,3072,3130
1043,5804,4329,4328
1044,5804,4329,4331
1045,6185,4641,4550
1046,11237,8655,8650
1047,14539,11012,11035
1048,14539,11012,11045
1049,14539,11012,11046
1050,14539,11012,11049
1051,14539,11012,11054
1052,14994,11399,11674
1053,15527,11872,11939
1054,17197,13119,13232
1055,17324,13187,13232
1056,17336,13194,13232
1057,17374,13210,13232
1058,17538,13240,13232
1059,18545,13967,13984
1060,18545,13967,13996
1061,18760,14107,14094
1062,19770,14834,14886
1063,19912,14925,15021
1064,20122,15083,15155
1065,22442,16978,16977
1066,24084,18119,18165
1067,26335,19906,19949
1068,26868,20368,20422
1069,26955,20434,20445
1070,708,477,551
1071,981,711,808
1072,1327,980,1000
1073,1515,1130,1200
1074,2238,1719,1861
1075,2260,1735,1877
1076,2908,2281,2266
1077,3062,2398,2483
1078,4061,3150,3154
1079,4229,3258,3192
1080,4838,3688,3740
1081,4977,3783,4007
1082,5203,3916,10076
1083,7273,5478,5500
1084,7644,5742,5772
1085,7841,5874,5875
1086,8429,6365,6314
1087,9480,7195,7191
1088,10253,7809,7871
1089,12141,9381,9813
1090,12141,9381,408
1091,13232,10137,10122
1092,14954,11372,11671
1093,14990,11399,11674
1094,15396,11741,11758
1095,16587,12584,12594
1096,17173,13105,13232
1097,17571,13254,13232
1098,17572,13255,13232
1099,17590,13262,13232
1100,18762,14108,14094
1101,18951,14257,14309
1102,19105,14377,14425
1103,20076,15042,15064
1104,20726,15553,15550
1105,21072,15841,15958
1106,21314,16030,16006
1107,21314,16030,16007
1108,21314,16030,16010
1109,21314,16030,16036
1110,21314,16030,16039
1111,21314,16030,16042
1112,21314,16030,16043
1113,22705,17184,19754
1114,24031,18078,18089
1115,24151,18177,18247
1116,24447,18442,18500
1117,25021,18918,19754
1118,63,48,80
1119,1164,860,893
1120,1265,924,933
1121,1265,924,2134
1122,1805,1333,1412
1123,2232,1713,1855
1124,2404,1869,1727
1125,2409,1872,1730
1126,2419,1878,1736
1127,2462,1921,1939
1128,2472,1931,13544
1129,23404,17700,17516
1130,23404,17700,17668
1131,23900,17984,18005
1132,24153,18178,18247
1133,24456,18450,18500
1134,3957,3074,3131
1135,26411,19974,20035
1136,27080,20553,20570
1137,575,355,412
1138,938,679,696
1139,2436,1895,1903
1140,3841,2994,2988
1141,4117,3189,3192
1142,4910,3747,3823
1143,4939,3765,4007
1144,4941,3766,4007
1145,4949,3771,4007
1146,5303,3970,4007
1147,4108,3182,3192
1148,3832,2990,2988
1149,4500,3445,3532
1150,3946,3063,3056
1151,4041,3133,3130
1152,4598,3515,3520
1153,4918,3752,3876
1154,5567,4125,6860
1155,6180,4637,4506
1156,5337,3992,3924
1157,5520,4089,4118
1158,5700,4245,13519
1159,6202,4648,4534
1160,7060,5328,5372
1161,7451,5616,5722
1162,10131,7700,7731
1163,11245,8658,8650
1164,17350,13201,13232
1165,6186,4641,4550
1166,7736,5794,5875
1167,8769,6627,6610
1168,8769,6627,6611
1169,8800,6649,6722
1170,9592,7301,7302
1171,10809,8285,8311
1172,11633,8960,8969
1173,6205,4649,4545
1174,17543,13243,13232
1175,17574,13256,13232
1176,18209,13722,13232
1177,18691,14078,14378
1178,18952,14258,14320
1179,18954,14260,14312
1180,18954,14260,14320
1181,19191,14430,14369
1182,19761,14831,14886
1183,21630,16285,16311
1184,21790,16414,16459
1185,23206,17532,17516
1186,23206,17532,17719
1187,24007,18055,17973
1188,24152,18177,18182
1189,26302,19885,19886
1190,26330,19902,19903
1191,26367,19938,19949
1192,26597,20119,20091
1193,26747,20264,20261
1194,26829,20338,20327
1195,223,148,176
1196,337,225,254
1197,704,473,551
1198,1211,891,893
1199,1284,940,963
1200,6226,4659,4556
1201,17402,13224,13232
1202,1444,1077,1108
1203,2240,1721,1863
1204,17414,13230,13232
1205,2248,1729,1871
1206,2407,1871,1729
1207,18438,13868,13232
1208,18754,14107,14094
1209,18764,14108,14094
1210,18769,14110,14094
1211,19765,14832,14886
1212,19915,14927,15021
1213,20500,15389,15401
1214,21062,15831,15958
1215,21366,16073,16092
1216,21813,16434,16453
1217,22060,16640,16670
1218,22266,16808,16837
1219,3457,2690,2733
1220,3940,3059,3120
1221,3944,3061,3120
1222,4950,3772,4007
1223,5217,3920,10078
1224,7314,5510,5580
1225,7452,5617,5722
1226,8321,6266,6298
1227,8653,6561,6619
1228,23201,17527,17719
1229,8654,6561,6619
1230,8805,6653,6713
1231,9715,7376,7400
1232,12119,9369,9415
1233,12386,9581,9611
1234,24154,18179,18247
1235,24378,18385,18404
1236,26229,19821,19840
1237,26318,19897,19898
1238,984,714,808
1239,1173,865,893
1240,1511,1128,1200
1241,1667,1221,1274
1242,1898,1416,1414
1243,2274,1749,1780
1244,2387,1852,1872
1245,2387,1852,1710
1246,3061,2397,2483
1247,7150,5392,5500
1248,3835,2991,2988
1249,4047,3138,3163
1250,4596,3513,3433
1251,9030,6833,6883
1252,9120,6896,6926
1253,9515,7226,7235
1254,9714,7375,7400
1255,4596,3513,3532
1256,11660,8978,9034
1257,14622,11075,11167
1258,14793,11219,11167
1259,15055,11457,11465
1260,15125,11516,11529
1261,15147,11536,11639
1262,15232,11615,11617
1263,15232,11615,11623
1264,15468,11813,11812
1265,15622,11966,12037
1266,17028,12985,12998
1267,19372,14588,14593
1268,19767,14832,14886
1269,20117,15078,15155
1270,20299,15236,15292
1271,21791,16415,16459
1272,21803,16425,20463
1273,22318,16858,16859
1274,22435,16971,16970
1275,22,13,4844
1276,339,225,254
1277,2230,1711,1853
1278,2272,1747,1759
1279,2272,1747,1783
1280,2435,1894,13915
1281,11661,8979,9034
1282,11841,9121,9104
1283,2445,1904,13445
1284,12896,9871,9857
1285,8372,6314,6340
1286,2750,2168,2165
1287,14961,11378,11398
1288,8656,6562,6619
1289,11241,8656,8655
1290,11655,8973,8969
1291,12019,9289,9349
1292,12930,9903,9922
1293,12991,9945,10008
1294,15046,11448,11473
1295,14950,11372,11671
1296,14988,11398,11673
1297,15150,11539,11639
1298,17270,13162,13232
1299,17311,13179,13232
1300,17522,13233,13232
1301,17532,13237,13232
1302,18393,13850,13232
1303,18742,14102,14094
1304,19467,14662,14694
1305,19544,14705,14748
1306,15210,11599,11586
1307,21859,16475,16490
1308,21944,16549,16582
1309,22580,17072,17157
1310,23172,17502,17719
1311,23908,17985,17984
1312,519,323,343
1313,15620,11965,12037
1314,17315,13181,13232
1315,17352,13201,13232
1316,17359,13204,13232
1317,17398,13222,13232
1318,1512,1128,1200
1319,2229,1710,1872
1320,2449,1908,13916
1321,2455,1914,17852
1322,2727,2150,2175
1323,2779,2183,2182
1324,2907,2281,2266
1325,3427,2671,2733
1326,3429,2672,2733
1327,5794,4328,4331
1328,6193,4644,4523
1329,7058,5327,5372
1330,10815,8291,8296
1331,12113,9366,9415
1332,13206,10114,10130
1333,14629,11082,11080
1334,16445,12495,12594
1335,17304,13176,13232
1336,17388,13215,13232
1337,3461,2693,2733
1338,18359,13827,13232
1339,3624,2835,2827
1340,4118,3190,3192
1341,17412,13230,13232
1342,17544,13243,13232
1343,18408,13851,13232
1344,15155,11544,11560
1345,18441,13868,13232
1346,19325,14550,14593
1347,18454,13877,13232
1348,15283,11649,11657
1349,19473,14665,14694
1350,17198,13119,13232
1351,17599,13264,13232
1352,18685,14072,13867
1353,19542,14703,14748
1354,19909,14922,15021
1355,21635,16289,16311
1356,21937,16546,16582
1357,22265,16807,16837
1358,22791,17254,17319
1359,23181,17511,17516
1360,23181,17511,17719
1361,23182,17512,17516
1362,23182,17512,17719
1363,20529,15413,15461
1364,23186,17516,17739
1365,23186,17516,17743
1366,23893,17984,18005
1367,26877,20376,20422
1368,27079,20552,20570
1369,27101,20574,20595
1370,219,146,176
1371,1213,892,893
1372,1280,936,963
1373,1447,1080,1108
1374,1800,1328,4759
1375,2256,1731,1873
1376,21057,15827,15958
1377,18759,14107,14094
1378,21688,16326,16344
1379,21540,16207,16270
1380,23890,17981,18089
1381,24044,18090,18086
1382,26426,19983,20035
1383,866,614,658
1384,1848,1371,1414
1385,1935,1442,1439
1386,2437,1896,1904
1387,21861,16477,16490
1388,22575,17067,17157
1389,23189,17516,17739
1390,23189,17516,17743
1391,23903,17984,18005
1392,25938,19594,19754
1393,26298,19881,19883
1394,26298,19881,19900
1395,26329,19902,19903
1396,26334,19905,19949
1397,26975,20448,20445
1398,183,119,141
1399,706,475,551
1400,933,675,696
1401,1668,1222,1274
1402,2228,1709,1851
1403,2228,1709,1872
1404,2390,1855,1713
1405,2439,1898,1911
1406,2729,2152,2153
1407,2806,2210,2248
1408,3758,2940,2948
1409,3937,3058,3120
1410,4704,3577,3606
1411,5202,3916,10076
1412,5413,4017,3829
1413,5709,4254,4331
1414,6179,4637,4506
1415,6188,4641,4550
1416,6229,4661,4560
1417,7146,5388,5500
1418,8804,6652,6722
1419,8808,6656,6722
1420,9031,6833,6883
1421,9713,7374,7400
1422,10194,7750,7758
1423,10956,8416,8445
1424,15705,12020,12037
1425,16349,12447,12479
1426,17268,13160,13232
1427,17300,13176,13232
1428,17326,13188,13232
1429,18426,13868,13232
1430,18452,13876,13232
1431,18559,13981,13986
1432,19470,14663,14661
1433,21339,16054,16092
1434,21941,16548,16582
1435,23229,17554,17729
1436,23231,17554,17745
1437,23231,17554,17779
1438,24043,18090,18086
1439,771,538,551
1440,834,585,604
1441,1755,1287,1307
1442,2442,1901,1915
1443,2723,2146,2174
1444,2723,2146,2175
1445,2809,2213,2248
1446,2904,2279,2266
1447,3951,3068,3062
1448,3951,3068,3120
1449,3951,3068,3131
1450,4706,3579,3606
1451,5583,4140,4164
1452,5801,4329,4328
1453,5801,4329,4331
1454,7070,5333,5372
1455,7646,5744,5772
1456,9488,7203,7221
1457,10403,7942,7987
1458,10577,8094,8158
1459,10581,8096,8158
1460,12871,9846,9832
1461,13185,10101,10095
1462,15627,11968,12037
1463,16441,12493,12594
1464,2443,1902,13915
1465,2909,2282,2266
1466,3947,3064,3058
1467,3947,3064,3090
1468,3947,3064,3120
1469,3950,3067,3120
1470,4991,3791,4007
1471,9939,7550,7579
1472,11040,8481,8460
1473,11122,8551,8579
1474,12135,9381,9813
1475,12135,9381,408
1476,14958,11376,11398
1477,17174,13105,13232
1478,17287,13172,13232
1479,17323,13187,13232
1480,17328,13189,13232
1481,17334,13192,13232
1482,17372,13210,13232
1483,17568,13252,13232
1484,17240,13139,13232
1485,4493,3440,3532
1486,17331,13190,13232
1487,17356,13203,13232
1488,17531,13236,13232
1489,17584,13259,13232
1490,18544,13966,13984
1491,4495,3442,3532
1492,4956,3776,4007
1493,5701,4246,4331
1494,6207,4650,4535
1495,18544,13966,13996
1496,19265,14496,14440
1497,18406,13851,13232
1498,20079,15045,15063
1499,20115,15076,15155
1500,20301,15238,15292
1501,23879,17971,17984
1502,25138,19027,19030
1503,25138,19027,19032
1504,26412,19975,20035
1505,26740,20259,20261
1506,26867,20367,20422
1507,577,357,412
1508,1117,822,841
1509,1266,924,933
1510,1266,924,2134
1511,1281,937,963
1512,2249,1729,1871
1513,2567,2018,2043
1514,2572,2023,2043
1515,5218,3920,10078
1516,5802,4329,4328
1517,5802,4329,4331
1518,6196,4645,4544
1519,7158,5400,5500
1520,7896,5897,5939
1521,8651,6560,6556
1522,8652,6561,6619
1523,9057,6856,6883
1524,9564,7273,7350
1525,12926,9899,9922
1526,14630,11083,11209
1527,15619,11964,12037
1528,15712,12027,12037
1529,16348,12447,12479
1530,17169,13103,13232
1531,17238,13138,13232
1532,17316,13182,13232
1533,17405,13226,13232
1534,2391,1856,1714
1535,2718,2141,2142
1536,2736,2157,2158
1537,2901,2276,2266
1538,3541,2752,2745
1539,4098,3175,3192
1540,5704,4249,4331
1541,6183,4640,4518
1542,18871,14178,14182
1543,6215,4652,4546
1544,6230,4661,4560
1545,7061,5329,5372
1546,7319,5515,5580
1547,7444,5612,5722
1548,8581,6499,6520
1549,10184,7740,7748
1550,10579,8095,8158
1551,11022,8466,8454
1552,12219,9430,9497
1553,15281,11647,11599
1554,17130,13066,13087
1555,17261,13155,13232
1556,17346,13199,13232
1557,18741,14101,14094
1558,18755,14107,14094
1559,19468,14662,14694
1560,19493,14676,14694
1561,21249,15983,15980
1562,21249,15983,16009
1563,21249,15983,16040
1564,21249,15983,16041
1565,21249,15983,16047
1566,21796,16419,16459
1567,23176,17506,17631
1568,23472,17728,17631
1569,23885,17976,17984
1570,23902,17984,18005
1571,24074,18110,18165
1572,24080,18116,18165
1573,24358,18367,18378
1574,25829,19492,19496
1575,26742,20260,20297
1576,225,150,176
1577,934,676,696
1578,1934,1441,1439
1579,2237,1718,1860
1580,3973,3090,3120
1581,4823,3679,3680
1582,4995,3793,4007
1583,6192,4644,4523
1584,7729,5791,5875
1585,7840,5873,5875
1586,9592,7301,7313
1587,11008,8457,8460
1588,11693,9011,9034
1589,11841,9121,8603
1590,12121,9369,9415
1591,14991,11399,11674
1592,16437,12491,12594
1593,17329,13190,13232
1594,17347,13200,13232
1595,17598,13264,13232
1596,18355,13823,13232
1597,18432,13868,13232
1598,19841,14884,14886
1599,21545,16212,16270
1600,22234,16776,16795
1601,23878,17970,17984
1602,23890,17981,18092
1603,26370,19941,19949
1604,224,149,176
1605,1324,977,1000
1606,2405,1870,1728
1607,2803,2207,2248
1608,2900,2275,2266
1609,3431,2673,2733
1610,19487,14672,14671
1611,3947,3064,3059
1612,19840,14883,14886
1613,4597,3514,3532
1614,5414,4017,3829
1615,7647,5745,5772
1616,9565,7274,7350
1617,11462,8812,8833
1618,12020,9290,9349
1619,12258,9469,9497
1620,12901,9876,9893
1621,15416,11761,11773
1622,17303,13176,13232
1623,17563,13251,13232
1624,18431,13868,13232
1625,18687,14074,14092
1626,21053,15823,15958
1627,22088,16665,16670
1628,23517,17772,17631
1629,24008,18055,18061
1630,24154,18179,18219
1631,18708,14091,14092
1632,18763,14108,14094
1633,19474,14666,14694
1634,20119,15080,15155
1635,20534,15418,15461
1636,21717,16355,16403
1637,23403,17699,17719
1638,23517,17772,17585
1639,23899,17984,18005
1640,25942,19598,19754
1641,1126,831,841
1642,1903,1418,1412
1643,1904,1418,1414
1644,2392,1857,1715
1645,2399,1864,1722
1646,2655,2084,2123
1647,2848,2246,2248
1648,2905,2279,2266
1649,4104,3179,3192
1650,4843,3693,3732
1651,4953,3773,4007
1652,5087,3839,10057
1653,5458,4042,4076
1654,6218,4653,4544
1655,7063,5330,5372
1656,9201,6969,6981
1657,11102,8532,8454
1658,11834,9114,9106
1659,15706,12021,12037
1660,17040,12995,12984
1661,17040,12995,12998
1662,17348,13200,13232
1663,18204,13720,13232
1664,18435,13868,13232
1665,18542,13964,13987
1666,18548,13970,14032
1667,19165,14423,14425
1668,19836,14880,14886
1669,19911,14924,15021
1670,21059,15829,15958
1671,21363,16072,16092
1672,21718,16356,16403
1673,23202,17528,17631
1674,24157,18182,18247
1675,25018,18915,19754
1676,26333,19904,19949
1677,1326,979,1000
1678,1936,1443,1439
1679,2229,1710,1852
1680,2449,1908,13915
1681,4113,3186,3192
1682,4301,3315,3341
1683,4967,3779,3924
1684,4967,3779,4007
1685,4982,3787,3924
1686,4982,3787,4007
1687,5571,4129,6860
1688,5580,4138,6860
1689,6193,4644,4524
1690,8655,6561,6619
1691,8802,6651,6722
1692,9567,7276,7350
1693,12108,9363,9813
1694,12108,9363,408
1695,12137,9381,9813
1696,12137,9381,408
1697,13206,10114,10135
1698,14629,11082,11167
1699,15443,11788,11809
1700,17560,13250,13232
1701,24454,18448,18500
1702,15699,12018,12037
1703,26377,19948,19949
1704,342,227,254
1705,1157,855,857
1706,1168,862,893
1707,1898,1416,1406
1708,17565,13251,13232
1709,18400,13850,13232
1710,1898,1416,1412
1711,18433,13868,13232
1712,20531,15415,15461
1713,18747,14102,14094
1714,18775,14115,14110
1715,18784,14121,14109
1716,21946,16551,16582
1717,21793,16417,16431
1718,21793,16417,16438
1719,22428,16964,16966
1720,23888,17979,17984
1721,24144,18170,18116
1722,26298,19881,19882
1723,333,222,254
1724,2250,1729,1871
1725,2352,1822,1828
1726,2386,1851,1872
1727,2420,1879,1888
1728,2410,1872,1730
1729,2729,2152,2149
1730,3272,2563,2568
1731,3838,2992,2988
1732,4819,3675,3680
1733,4958,3776,4007
1734,5578,4136,6860
1735,6229,4661,4561
1736,7442,5610,5722
1737,7648,5746,5772
1738,10194,7750,7760
1739,10483,8005,8019
1740,11010,8458,8454
1741,13186,10101,10095
1742,15605,11950,11939
1743,17274,13164,13232
1744,17292,13175,13232
1745,17321,13186,13232
1746,17406,13226,13232
1747,17537,13240,13232
1748,17555,13248,13232
1749,17576,13256,13232
1750,17577,13257,13232
1751,17583,13259,13232
1752,18402,13851,13232
1753,18403,13851,13232
1754,18559,13981,13987
1755,18929,14236,14253
1756,19769,14834,14886
1757,20532,15416,15461
1758,21364,16073,16092
1759,22402,16942,16949
1760,22794,17256,17319
1761,23179,17509,17719
1762,7092,5354,5372
1763,2444,1903,13544
1764,4049,3139,3163
1765,9768,7407,7412
1766,9768,7407,7413
1767,11175,8604,9120
1768,11620,8947,8969
1769,11663,8981,9034
1770,14959,11376,11398
1771,4490,3438,3532
1772,4772,3633,3635
1773,23180,17510,17631
1774,15153,11542,11639
1775,23229,17554,17745
1776,23229,17554,17779
1777,23231,17554,17729
1778,24893,18798,18844
1779,25102,18991,19022
1780,26752,20266,20261
1781,523,326,343
1782,568,348,349
1783,5662,4209,4223
1784,16443,12494,12594
1785,6218,4653,4545
1786,17196,13119,13232
1787,17284,13169,13232
1788,17363,13206,13232
1789,17528,13235,13232
1790,17573,13255,13232
1791,19094,14367,14425
1792,19207,14442,14440
1793,19477,14667,14694
1794,19480,14668,14694
1795,19768,14833,14886
1796,19834,14878,14886
1797,7143,5385,5500
1798,8165,6144,6190
1799,10216,7772,7761
1800,11834,9114,8604
1801,12016,9286,9349
1802,12880,9855,9869
1803,13223,10130,10119
1804,15431,11776,11785
1805,15701,12018,12037
1806,15703,12020,12037
1807,15704,12020,12037
1808,16765,12722,12895
1809,17314,13180,13232
1810,22577,17069,17157
1811,23188,17516,17745
1812,23188,17516,17779
1813,23228,17554,17739
1814,23228,17554,17743
1815,228,152,176
1816,980,710,808
1817,1426,1064,1035
1818,17366,13207,13232
1819,570,350,412
1820,2389,1854,1712
1821,1937,1444,1439
1822,2233,1714,1856
1823,2402,1867,1725
1824,2442,1901,17852
1825,3949,3066,3130
1826,5459,4043,4076
1827,7153,5395,5500
1828,7274,5479,5500
1829,8793,6643,6713
1830,10985,8442,8423
1831,12221,9432,9497
1832,14948,11372,11671
1833,17264,13158,13232
1834,18544,13966,14032
1835,17373,13210,13232
1836,2418,1877,1735
1837,18578,14000,13992
1838,22089,16665,16670
1839,17394,13220,13232
1840,17562,13250,13232
1841,18542,13964,13982
1842,18655,14048,14065
1843,18744,14102,14094
1844,23886,17977,17984
1845,19908,14921,15021
1846,18671,14062,14065
1847,18782,14120,14110
1848,18868,14175,13232
1849,21942,16548,16582
1850,23202,17528,17585
1851,25936,19592,19754
1852,773,540,551
1853,1670,1224,1274
1854,3036,2374,2266
1855,3943,3061,3120
1856,4913,3747,3823
1857,4961,3777,4007
1858,19463,14660,14694
1859,5580,4138,4694
1860,26029,19662,19754
1861,20535,15419,15461
1862,6978,5260,5271
1863,26599,20121,20084
1864,21543,16210,16270
1865,4600,3515,3521
1866,22789,17252,17319
1867,23187,17516,17739
1868,23187,17516,17743
1869,23198,17524,17719
1870,23252,17575,17781
1871,23880,17971,17984
1872,23892,17983,17984
1873,8242,6205,6206
1874,26027,19660,19754
1875,1902,1418,1414
1876,8657,6562,6619
1877,2569,2020,2043
1878,10584,8099,8158
1879,11239,8655,8650
1880,13206,10114,10119
1881,3063,2399,2483
1882,3433,2674,2733
1883,4946,3769,3829
1884,5792,4326,4331
1885,6208,4650,4535
1886,6223,4656,4552
1887,6227,4659,4556
1888,7148,5390,5500
1889,8161,6140,6190
1890,8378,6320,6340
1891,17239,13138,13232
1892,17337,13194,13232
1893,17570,13253,13232
1894,8767,6627,6610
1895,8767,6627,6611
1896,11020,8464,8454
1897,11174,8603,9119
1898,11510,8845,8875
1899,11835,9115,8605
1900,12385,9580,9611
1901,12432,9624,9634
1902,3974,3090,3120
1903,14621,11074,11167
1904,4101,3177,3192
1905,4375,3347,3360
1906,4463,3423,3426
1907,4912,3747,3823
1908,4951,3773,4007
1909,4959,3776,4007
1910,5579,4137,6860
1911,5707,4252,4331
1912,6197,4645,4544
1913,6200,4647,4526
1914,6200,4647,4528
1915,6209,4651,4539
1916,6220,4654,4551
1917,6487,4899,4909
1918,8142,6121,6133
1919,8659,6563,6619
1920,8768,6627,6610
1921,8768,6627,6611
1922,9941,7552,7579
1923,11248,8661,8650
1924,11692,9010,9034
1925,11839,9119,9104
1926,14539,11012,11048
1927,14539,11012,11052
1928,14970,11386,11398
1929,16455,12501,12594
1930,16456,12501,12594
1931,17290,13174,13232
1932,17353,13202,13232
1933,17567,13251,13232
1934,18453,13876,13232
1935,18543,13965,14032
1936,18545,13967,13986
1937,14630,11083,11167
1938,18545,13967,13990
1939,14963,11380,11398
1940,18876,14183,14182
1941,14982,11398,11673
1942,15254,11636,11576
1943,16968,12925,12946
1944,17313,13180,13232
1945,17400,13223,13232
1946,18394,13850,13232
1947,18398,13850,13232
1948,18448,13874,13232
1949,19476,14667,14694
1950,19771,14835,14886
1951,20123,15084,15155
1952,23897,17984,18005
1953,24356,18365,18378
1954,26408,19974,20035
1955,26744,20262,20261
1956,18876,14183,14217
1957,19017,14312,14320
1958,19772,14836,14886
1959,19884,14897,14886
1960,22579,17071,17157
1961,25154,19043,19030
1962,7236,5459,5461
1963,12770,9817,9809
1964,25154,19043,19032
1965,3837,2991,2959
1966,22704,17184,19643
1967,26033,19666,19643
1968,18748,14103,14094
1969,25830,19493,19496
1970,26413,19976,20035
1971,26875,20374,20422
1972,334,223,254
1973,522,326,343
1974,665,436,437
1975,2576,2027,2043
1976,3059,2395,2483
1977,3215,2511,2568
1978,4304,3316,3341
1979,7273,5478,5461
1980,19209,14444,14440
1981,22705,17184,19643
1982,25021,18918,19643
1983,25942,19598,19643
1984,25018,18915,19643
1985,3838,2992,2959
1986,7153,5395,5461
1987,7274,5479,5461
1988,26027,19660,19643
1989,7148,5390,5461
1990,19550,14711,14748
1991,19763,14831,14886
1992,21467,16151,16153
1993,22063,16641,16670
1994,22340,16880,16879
1995,22362,16902,16901
1996,23189,17516,17729
1997,22704,17184,17223
1998,26026,19659,19754
1999,26033,19666,17223
2000,61,46,80
2001,22705,17184,17223
2002,25021,18918,17223
2003,25942,19598,17223
2004,25018,18915,17223
2005,26027,19660,17223
2006,227,151,176
2007,1212,891,893
2008,1507,1126,1200
2009,2352,1822,1829
2010,2386,1851,1730
2011,2448,1907,14294
2012,3462,2693,2733
2013,3711,2896,2948
2014,4960,3777,4007
2015,5799,4328,4331
2016,6213,4652,4546
2017,7141,5383,5500
2018,7842,5874,5875
2019,8375,6317,6340
2020,8413,6355,6346
2021,8451,6375,6376
2022,8808,6656,6713
2023,9514,7225,7235
2024,10405,7944,7987
2025,10997,8452,8454
2026,12011,9282,9813
2027,12023,9293,9349
2028,12599,9770,9794
2029,13186,10101,10104
2030,14967,11384,11398
2031,15207,11596,11586
2032,15605,11950,11940
2033,17272,13163,13232
2034,17338,13195,13232
2035,18405,13851,13232
2036,19015,14310,14320
2037,19096,14369,14425
2038,19266,14496,14440
2039,19470,14663,14694
2040,19910,14923,15021
2041,21298,16026,16027
2042,22322,16862,16861
2043,23174,17504,17719
2044,23229,17554,17739
2045,23229,17554,17743
2046,24043,18090,17958
2047,24413,18414,18436
2048,230,152,176
2049,341,226,254
2050,1207,890,893
2051,2252,1730,1872
2052,2654,2083,2123
2053,2723,2146,2149
2054,3463,2694,2733
2055,3543,2754,2745
2056,4048,3138,3163
2057,4911,3747,3823
2058,4948,3770,4007
2059,5464,4048,4076
2060,5708,4253,4331
2061,8263,6221,6223
2062,11240,8655,8650
2063,15208,11597,11586
2064,15320,11680,11708
2065,16732,12689,12694
2066,17276,13165,13232
2067,17277,13165,13232
2068,17393,13220,13232
2069,17524,13234,13232
2070,17580,13258,13232
2071,18544,13966,13986
2072,18544,13966,13990
2073,19371,14588,14593
2074,21250,15984,16027
2075,21631,16286,16311
2076,22365,16905,16907
2077,23187,17516,17745
2078,23187,17516,17779
2079,24457,18451,18500
2080,26417,19978,20035
2081,26424,19982,20035
2082,26873,20372,20422
2083,3797,2965,2959
2084,4377,3349,3360
2085,1266,924,2141
2086,5219,3920,10078
2087,6206,4649,4544
2088,6210,4651,4538
2089,6222,4656,4552
2090,7321,5517,5580
2091,7450,5615,5722
2092,8429,6365,6345
2093,8665,6568,6604
2094,9558,7267,7350
2095,12870,9845,9832
2096,14986,11398,11673
2097,17330,13190,13232
2098,17564,13251,13232
2099,1500,1121,1200
2100,1505,1124,1200
2101,2005,1496,1487
2102,2005,1496,1491
2103,2454,1913,13445
2104,2616,2051,2077
2105,2903,2278,2266
2106,4102,3177,3192
2107,5803,4329,4328
2108,25934,19590,19643
2109,18437,13868,13232
2110,18546,13968,13982
2111,19018,14313,14320
2112,19837,14881,14886
2113,21314,16030,15980
2114,21314,16030,16009
2115,21314,16030,16040
2116,21314,16030,16041
2117,21314,16030,16047
2118,21814,16435,20456
2119,22420,16958,16957
2120,22707,17186,19754
2121,24031,18078,18082
2122,222,148,176
2123,5803,4329,4331
2124,25939,19595,19643
2125,520,324,343
2126,25941,19597,19643
2127,8429,6365,6369
2128,26032,19665,19643
2129,7155,5397,5461
2130,26025,19658,19643
2131,6211,4651,4539
2132,4598,3515,3521
2133,25940,19596,19643
2134,3836,2991,2959
2135,3835,2991,2959
2136,25938,19594,19643
2137,7146,5388,5461
2138,7158,5400,5461
2139,26029,19662,19643
2140,25934,19590,17223
2141,25939,19595,17223
2142,25941,19597,17223
2143,26032,19665,17223
2144,26025,19658,17223
2145,25940,19596,17223
2146,25938,19594,17223
2147,26029,19662,17223
2148,6212,4651,4538
2149,6223,4656,4549
2150,6227,4659,4557
2151,7732,5792,5875
2152,7896,5897,5930
2153,8651,6560,6619
2154,8652,6561,6610
2155,8652,6561,6611
2156,8658,6563,6619
2157,9116,6892,6926
2158,9466,7182,7183
2159,11174,8603,9104
2160,11385,8769,8650
2161,11835,9115,9107
2162,12989,9944,10008
2163,14082,10681,10691
2164,14633,11086,11209
2165,14737,11189,11139
2166,14737,11189,11141
2167,15254,11636,11581
2168,15254,11636,11586
2169,17263,13157,13232
2170,17333,13191,13232
2171,17358,13204,13232
2172,17377,13210,13232
2173,17601,13266,13232
2174,18360,13827,13232
2175,18620,14030,14032
2176,19492,14676,14694
2177,20695,15523,15546
2178,26018,19653,19754
2179,26337,19908,19949
2180,26409,19974,20035
2181,26414,19976,20035
2182,26736,20255,20261
2183,26736,20255,20295
2184,26019,19653,19643
2185,4601,3515,3521
2186,4599,3515,3521
2187,26024,19657,19643
2188,3840,2993,2959
2189,3832,2990,2959
2190,7143,5385,5461
2191,25936,19592,19643
2192,26026,19659,19643
2193,7141,5383,5461
2194,8451,6375,6369
2195,20695,15523,15514
2196,26018,19653,19643
2197,26019,19653,17223
2198,26024,19657,17223
2199,25936,19592,17223
2200,26026,19659,17223
2201,26018,19653,17223
2202,1265,924,2141
2203,1805,1333,1414
2204,2251,1730,1872
2205,2441,1900,1913
2206,2627,2062,2063
2207,3540,2751,2745
2208,4502,3447,3532
2209,5700,4245,4331
2210,6203,4649,4545
2211,6216,4653,4544
2212,6446,4864,4888
2213,7062,5329,5372
2214,7643,5741,5772
2215,8545,6466,6493
2216,8666,6568,6604
2217,9980,7584,7609
2218,10013,7614,7630
2219,10243,7799,7871
2220,15047,11449,11473
2221,16444,12495,12594
2222,17282,13168,13232
2223,17301,13176,13232
2224,17370,13210,13232
2225,18691,14078,14409
2226,18955,14261,14320
2227,20676,15504,15546
2228,20725,15552,15551
2229,21334,16050,16092
2230,21950,16555,16551
2231,23505,17760,17744
2232,23907,17985,17984
2233,26829,20338,20254
2234,982,712,808
2235,986,716,808
2236,1167,862,893
2237,2234,1715,1857
2238,2245,1726,1868
2239,2254,1731,1873
2240,2397,1862,1720
2241,2453,1912,6073
2242,2453,1912,6084
2243,3459,2692,2733
2244,3625,2836,2828
2245,3834,2990,2988
2246,4110,3183,3192
2247,7059,5328,5372
2248,7738,5796,5875
2249,8653,6561,6610
2250,8653,6561,6611
2251,8654,6561,6610
2252,8654,6561,6611
2253,8805,6653,6722
2254,11246,8659,8650
2255,11417,8783,8650
2256,11664,8982,9034
2257,14796,11222,11220
2258,14949,11372,11671
2259,15155,11544,11545
2260,15155,11544,11562
2261,15318,11678,11708
2262,15628,11968,12037
2263,16454,12500,12594
2264,17361,13206,13232
2265,17569,13252,13232
2266,18407,13851,13232
2267,18425,13868,13232
2268,19548,14709,14748
2269,20300,15237,15292
2270,22062,16641,16670
2271,22708,17187,19754
2272,23186,17516,17729
2273,23239,17562,17549
2274,24810,18718,18735
2275,26297,19880,19900
2276,26872,20371,20422
2277,1166,862,893
2278,1325,978,1000
2279,1412,1052,1035
2280,1800,1328,4694
2281,2388,1853,1730
2282,2451,1910,6860
2283,2899,2275,2266
2284,4100,3176,3192
2285,4494,3441,3532
2286,4916,3750,3853
2287,6182,4639,4514
2288,6191,4643,4521
2289,6488,4900,4909
2290,10012,7613,7615
2291,10582,8097,8158
2292,10810,8286,8311
2293,11125,8554,8579
2294,11666,8984,9034
2295,14544,11016,11008
2296,16453,12500,12594
2297,18397,13850,13232
2298,18442,13868,13232
2299,18579,14001,14032
2300,19098,14370,14425
2301,20113,15074,15155
2302,21249,15983,16006
2303,21249,15983,16007
2304,21249,15983,16010
2305,21249,15983,16036
2306,21249,15983,16039
2307,21249,15983,16042
2308,21249,15983,16043
2309,21341,16054,16092
2310,21541,16208,16270
2311,21945,16550,16582
2312,23168,17498,17559
2313,23176,17506,17516
2314,23176,17506,17634
2315,23176,17506,17719
2316,23472,17728,17634
2317,26023,19656,19754
2318,26427,19983,20035
2319,26742,20260,20261
2320,26815,20324,20261
2321,221,147,176
2322,2241,1722,1864
2323,2243,1724,1866
2324,2406,1871,1729
2325,2408,1871,1729
2326,4901,3744,3800
2327,5698,4243,4331
2328,5793,4327,4331
2329,6204,4649,4544
2330,7727,5789,5875
2331,8649,6559,6619
2332,10128,7697,7731
2333,11021,8465,8454
2334,11619,8946,8969
2335,12012,9282,9813
2336,12927,9900,9922
2337,15146,11536,11639
2338,15219,11608,11576
2339,17345,13199,13232
2340,17364,13206,13232
2341,17369,13210,13232
2342,19267,14497,14440
2343,19466,14661,14694
2344,19482,14669,14694
2345,21338,16053,16092
2346,23905,17984,18005
2347,24158,18183,18247
2348,24409,18410,18436
2349,1504,1124,1200
2350,1509,1127,1200
2351,2244,1725,1867
2352,2413,1873,1731
2353,2476,1935,13544
2354,3065,2401,2483
2355,3066,2402,2483
2356,3947,3064,3061
2357,4114,3187,3192
2358,4426,3392,3426
2359,4428,3394,3426
2360,4488,3436,3532
2361,4492,3440,3532
2362,4841,3691,3732
2363,4957,3776,4007
2364,6445,4863,4888
2365,7437,5607,5722
2366,7441,5610,5722
2367,9456,7172,7184
2368,9486,7201,7221
2369,10250,7806,7871
2370,11243,8656,8655
2371,11849,9129,9128
2372,12120,9369,9415
2373,13114,10038,10104
2374,15664,11998,12037
2375,17026,12983,12998
2376,17368,13209,13232
2377,17530,13236,13232
2378,18479,13901,13903
2379,18708,14091,14080
2380,18766,14109,14094
2381,18871,14178,14226
2382,19762,14831,14886
2383,20759,15581,15587
2384,21049,15819,15958
2385,21943,16548,16582
2386,22061,16640,16670
2387,23178,17508,17719
2388,24008,18055,17973
2389,24412,18413,18436
2390,26374,19945,19949
2391,26428,19984,20035
2392,1208,891,893
2393,1903,1418,1414
2394,1904,1418,1412
2395,2231,1712,1854
2396,2387,1852,1730
2397,2801,2205,2248
2398,3208,2504,2568
2399,4667,3543,3569
2400,6461,4879,4888
2401,10364,7903,7987
2402,10477,7999,8001
2403,12372,9567,9576
2404,12880,9855,9857
2405,14081,10680,10691
2406,14718,11171,11139
2407,15623,11966,12037
2408,16592,12587,12594
2409,17262,13156,13232
2410,17289,13173,13232
2411,17296,13175,13232
2412,17325,13188,13232
2413,17407,13227,13232
2414,17585,13259,13232
2415,18542,13964,14032
2416,18740,14100,14094
2417,18753,14107,14094
2418,19293,14522,14541
2419,19472,14665,14694
2420,19545,14706,14748
2421,19919,14931,15021
2422,21251,15985,16027
2423,21252,15986,16027
2424,21632,16287,16311
2425,21634,16288,16311
2426,22364,16904,16906
2427,23202,17528,17719
2428,23877,17969,17984
2429,23898,17984,18005
2430,26020,19653,19754
2431,26870,20369,20422
2432,2229,1710,1730
2433,2449,1908,13445
2434,2577,2028,2043
2435,5412,4017,3829
2436,5569,4127,6860
2437,5580,4138,6853
2438,6214,4652,4546
2439,7711,5779,5875
2440,8247,6210,6223
2441,8655,6561,6610
2442,8655,6561,6611
2443,9979,7583,7598
2444,12134,9381,9813
2445,12134,9381,408
2446,14953,11372,11671
2447,14965,11382,11398
2448,17283,13168,13232
2449,17332,13191,13232
2450,17378,13211,13232
2451,18772,14112,14094
2452,19044,14322,14309
2453,19475,14666,14694
2454,21340,16054,16092
2455,21719,16356,16403
2456,21793,16417,16459
2457,21940,16548,16582
2458,22797,17259,17319
2459,23185,17515,17719
2460,23189,17516,17745
2461,23189,17516,17779
2462,25146,19035,19032
2463,26384,19955,19969
2464,26422,19981,20035
2465,26751,20265,20261
2466,1495,1118,1200
2467,1753,1285,1307
2468,2228,1709,1730
2469,2386,1851,1709
2470,2448,1907,14300
2471,2729,2152,2174
2472,5577,4135,6860
2473,7066,5332,5372
2474,8795,6644,6722
2475,8796,6645,6722
2476,9982,7586,7609
2477,10365,7904,7987
2478,10369,7908,7987
2479,10956,8416,8437
2480,14984,11398,11673
2481,15237,11620,11639
2482,15284,11650,11657
2483,17294,13175,13232
2484,17339,13196,13232
2485,17409,13227,13232
2486,18202,13720,13232
2487,18559,13981,14032
2488,18684,14071,14092
2489,20501,15390,15401
2490,21060,15829,15958
2491,21714,16352,16403
2492,21794,16418,20456
2493,21795,16419,16459
2494,22322,16862,16852
2495,22358,16898,16897
2496,22709,17188,19754
2497,23180,17510,17516
2498,23180,17510,17634
2499,23180,17510,17719
2500,23231,17554,17739
2501,23231,17554,17743
2502,24411,18412,18436
2503,24893,18798,18842
2504,25102,18991,19014
2505,25935,19591,19754
2506,26416,19977,20035
2507,26796,20306,20261
2508,705,474,551
2509,1156,854,857
2510,1365,1008,1018
2511,1812,1338,1412
2512,2227,1708,1693
2513,2442,1901,17849
2514,2910,2283,2266
2515,3073,2407,2473
2516,3073,2407,2483
2517,3707,2892,2948
2518,3839,2992,2988
2519,3949,3066,3062
2520,3949,3066,3120
2521,4882,3731,3740
2522,4928,3757,3927
2523,5795,4328,4331
2524,5798,4328,4331
2525,7145,5387,5500
2526,8275,6226,6238
2527,8793,6643,6722
2528,8806,6654,6722
2529,9716,7377,7400
2530,10368,7907,7987
2531,10576,8093,8158
2532,11123,8552,8579
2533,12140,9381,9813
2534,12140,9381,408
2535,12481,9664,9673
2536,12771,9818,9843
2537,13185,10101,10104
2538,16438,12491,12594
2539,17273,13164,13232
2540,17278,13165,13232
2541,17299,13176,13232
2542,17309,13178,13232
2543,17380,13211,13232
2544,17534,13239,13232
2545,17591,13262,13232
2546,17592,13263,13232
2547,18544,13966,13992
2548,18578,14000,14032
2549,18749,14104,14094
2550,19097,14370,14425
2551,19471,14664,14694
2552,19481,14669,14694
2553,19549,14710,14748
2554,19835,14879,14886
2555,21789,16413,16459
2556,22090,16666,16670
2557,23187,17516,17729
2558,23198,17524,17512
2559,25138,19027,19039
2560,26198,19790,19799
2561,26739,20258,20261
2562,1214,892,893
2563,1246,905,920
2564,1266,924,2130
2565,1266,924,8645
2566,1902,1418,1412
2567,3453,2686,2733
2568,4594,3513,3433
2569,4594,3513,3532
2570,4595,3513,3433
2571,4595,3513,3532
2572,4946,3769,4007
2573,6190,4643,4521
2574,6196,4645,4545
2575,6211,4651,4538
2576,6212,4651,4539
2577,7435,5605,5722
2578,7443,5611,5722
2579,8391,6333,6340
2580,8658,6563,6558
2581,8660,6564,6619
2582,9563,7272,7350
2583,10955,8415,8445
2584,11174,8603,9121
2585,12105,9363,9813
2586,12105,9363,408
2587,13115,10039,10104
2588,14078,10679,10691
2589,15316,11676,11708
2590,15319,11679,11708
2591,15621,11966,12037
2592,16350,12447,12479
2593,18956,14262,14320
2594,20111,15072,15155
2595,21054,15824,15958
2596,25905,19564,19584
2597,26797,20307,20261
2598,3833,2990,2959
2599,3841,2994,2959
2600,7150,5392,5461
2601,22707,17186,19643
2602,20676,15504,15514
2603,3834,2990,2959
2604,22708,17187,19643
2605,26023,19656,19643
2606,26020,19653,19643
2607,22709,17188,19643
2608,25935,19591,19643
2609,3839,2992,2959
2610,7145,5387,5461
2611,12771,9818,9809
2612,22707,17186,17223
2613,22708,17187,17223
2614,26023,19656,17223
2615,26020,19653,17223
2616,22709,17188,17223
2617,25935,19591,17223
