resource_type_condition_key_id,resource_type_id,condition_key_id
1,3,164
2,4,164
3,5,164
4,6,164
5,7,164
6,9,164
7,19,51
8,19,52
9,19,53
10,19,164
11,20,54
12,20,55
13,20,56
14,20,164
15,21,57
16,21,58
17,21,59
18,21,164
19,22,60
20,22,61
21,22,62
22,22,164
23,23,164
24,24,164
25,25,164
26,26,164
27,27,164
28,28,164
29,29,164
30,37,164
31,38,164
32,39,164
33,40,164
34,41,164
35,42,164
36,47,164
37,48,164
38,49,164
39,50,164
40,51,164
41,52,164
42,53,164
43,54,164
44,55,164
45,56,164
46,58,164
47,59,164
48,60,164
49,61,164
50,62,164
51,63,164
52,65,164
53,68,164
54,72,164
55,73,164
56,74,164
57,75,164
58,76,164
59,77,164
60,78,164
61,79,164
62,80,164
63,81,164
64,82,164
65,83,164
66,85,164
67,87,131
68,87,132
69,88,164
70,90,164
71,91,164
72,92,164
73,93,164
74,94,164
75,95,164
76,96,164
77,97,164
78,98,164
79,99,164
80,100,164
81,101,164
82,102,164
83,103,164
84,104,164
85,105,164
86,106,164
87,107,164
88,108,164
89,109,164
90,110,164
91,111,164
92,112,164
93,114,164
94,115,164
95,116,164
96,117,164
97,118,164
98,119,164
99,120,164
100,121,164
101,122,164
102,125,164
103,126,164
104,127,164
105,128,164
106,129,164
107,130,164
108,131,164
109,131,165
110,132,164
111,132,165
112,133,163
113,133,164
114,133,165
115,134,163
116,134,164
117,134,165
118,135,164
119,136,164
120,137,164
121,138,164
122,139,164
123,140,164
124,141,164
125,142,164
126,143,164
127,144,164
128,145,164
129,146,164
130,147,164
131,148,164
132,149,164
133,150,164
134,151,164
135,152,164
136,153,164
137,154,164
138,155,164
139,156,164
140,157,164
141,158,164
142,159,164
143,160,164
144,161,164
145,162,164
146,163,164
147,164,164
148,167,164
149,168,164
150,172,164
151,173,164
152,175,164
153,176,164
154,177,164
155,178,164
156,179,164
157,180,164
158,181,164
159,183,164
160,184,164
161,188,164
162,190,164
163,192,164
164,193,164
165,194,164
166,195,164
167,196,164
168,198,164
169,200,164
170,201,164
171,202,164
172,203,164
173,204,164
174,205,164
175,206,842
176,207,164
177,208,164
178,209,164
179,210,164
180,211,164
181,212,164
182,213,164
183,214,164
184,215,164
185,216,164
186,217,164
187,218,164
188,219,164
189,221,164
190,227,164
191,228,164
192,229,164
193,230,164
194,231,164
195,232,164
196,233,164
197,235,164
198,236,164
199,237,164
200,241,164
201,242,443
202,243,164
203,244,164
204,245,164
205,246,164
206,247,164
207,248,164
208,249,164
209,250,164
210,251,164
211,251,462
212,252,164
213,252,463
214,253,164
215,253,464
216,254,164
217,254,465
218,255,164
219,255,466
220,256,164
221,256,468
222,257,164
223,257,469
224,258,164
225,258,471
226,259,164
227,259,470
228,260,164
229,260,473
230,261,164
231,261,474
232,262,164
233,262,461
234,263,164
235,263,467
236,264,164
237,264,453
238,265,164
239,265,453
240,266,164
241,266,453
242,266,454
243,267,164
244,267,453
245,267,455
246,267,458
247,268,164
248,269,164
249,270,164
250,270,453
251,270,458
252,271,164
253,271,453
254,271,454
255,272,164
256,272,453
257,272,454
258,273,164
259,276,164
260,277,164
261,280,164
262,281,164
263,282,164
264,283,164
265,285,164
266,286,164
267,287,164
268,289,164
269,292,164
270,293,164
271,295,164
272,296,164
273,298,164
274,299,164
275,300,164
276,301,164
277,302,164
278,303,164
279,304,164
280,305,164
281,306,164
282,306,737
283,307,164
284,307,737
285,308,164
286,308,737
287,311,164
288,312,164
289,313,164
290,313,476
291,314,164
292,315,164
293,316,164
294,317,164
295,318,164
296,319,164
297,319,745
298,320,164
299,320,745
300,321,164
301,321,745
302,322,164
303,322,745
304,323,164
305,323,745
306,324,164
307,324,745
308,325,164
309,325,745
310,326,164
311,326,745
312,327,164
313,327,745
314,328,164
315,328,745
316,329,164
317,329,745
318,331,164
319,332,164
320,334,164
321,335,164
322,338,164
323,340,164
324,342,164
325,343,164
326,344,164
327,345,164
328,346,164
329,348,164
330,349,164
331,350,164
332,351,164
333,352,164
334,353,164
335,354,164
336,355,164
337,356,164
338,357,164
339,358,164
340,359,164
341,361,164
342,362,164
343,363,164
344,364,164
345,366,164
346,367,164
347,368,164
348,369,164
349,370,164
350,371,164
351,372,164
352,373,164
353,375,164
354,376,164
355,378,164
356,379,164
357,380,164
358,381,164
359,384,164
360,385,164
361,386,164
362,389,164
363,390,164
364,391,164
365,392,164
366,394,164
367,395,164
368,396,164
369,397,164
370,398,164
371,399,164
372,400,164
373,401,164
374,402,164
375,403,164
376,404,164
377,405,164
378,406,164
379,407,164
380,408,164
381,409,164
382,410,164
383,411,164
384,412,164
385,413,164
386,415,164
387,416,164
388,417,164
389,418,164
390,419,164
391,420,164
392,421,164
393,422,164
394,423,164
395,424,164
396,426,164
397,427,164
398,428,164
399,429,164
400,430,164
401,431,164
402,432,164
403,433,164
404,434,164
405,435,164
406,436,164
407,437,164
408,439,164
409,440,164
410,441,164
411,442,164
412,443,164
413,444,164
414,445,164
415,446,164
416,447,164
417,448,164
418,449,164
419,450,164
420,451,164
421,452,164
422,453,817
423,454,164
424,454,818
425,454,819
426,455,164
427,455,820
428,456,164
429,456,821
430,457,164
431,457,822
432,458,823
433,459,164
434,459,824
435,460,825
436,462,164
437,463,164
438,464,164
439,465,164
440,466,164
441,467,164
442,469,164
443,470,164
444,471,164
445,472,164
446,473,164
447,474,164
448,475,164
449,476,164
450,477,164
451,478,164
452,479,164
453,480,164
454,481,164
455,484,164
456,484,1472
457,484,1473
458,486,164
459,486,1473
460,487,164
461,487,1473
462,488,164
463,488,1473
464,516,832
465,519,164
466,520,164
467,521,164
468,522,164
469,523,164
470,523,842
471,525,164
472,526,164
473,528,164
474,528,842
475,529,164
476,530,164
477,531,164
478,532,164
479,533,164
480,535,164
481,536,164
482,537,164
483,538,164
484,539,164
485,541,164
486,543,164
487,544,164
488,546,164
489,547,164
490,548,164
491,549,164
492,551,164
493,552,164
494,553,164
495,554,164
496,555,164
497,556,164
498,557,164
499,558,164
500,559,164
501,560,164
502,561,164
503,562,164
504,563,164
505,565,164
506,566,164
507,569,164
508,570,163
509,570,165
510,570,874
511,571,163
512,571,165
513,571,874
514,572,163
515,572,165
516,572,874
517,573,163
518,573,165
519,573,874
520,574,164
521,575,164
522,576,164
523,577,164
524,578,164
525,579,164
526,580,164
527,581,164
528,582,164
529,583,164
530,584,164
531,585,164
532,586,164
533,587,164
534,590,164
535,592,164
536,594,164
537,595,164
538,597,164
539,599,164
540,601,164
541,603,164
542,605,164
543,609,164
544,610,164
545,612,164
546,613,164
547,615,164
548,616,164
549,617,164
550,618,164
551,619,164
552,620,164
553,621,164
554,622,164
555,623,164
556,624,164
557,625,164
558,626,164
559,627,164
560,628,164
561,629,164
562,630,164
563,631,164
564,632,164
565,633,164
566,634,164
567,635,164
568,637,164
569,638,164
570,639,164
571,640,164
572,641,164
573,642,164
574,643,164
575,644,164
576,645,164
577,646,164
578,647,164
579,648,164
580,649,164
581,650,164
582,654,164
583,654,919
584,654,920
585,654,921
586,654,924
587,654,925
588,654,987
589,655,164
590,656,164
591,657,164
592,658,164
593,659,164
594,660,164
595,661,164
596,664,164
597,665,164
598,666,164
599,667,164
600,668,164
601,669,164
602,670,164
603,671,164
604,671,1013
605,672,164
606,672,1013
607,673,164
608,674,164
609,675,164
610,676,164
611,677,164
612,678,164
613,679,164
614,680,164
615,681,164
616,682,164
617,683,164
618,684,164
619,687,164
620,687,242
621,688,164
622,688,242
623,689,164
624,690,164
625,691,164
626,692,164
627,693,164
628,694,163
629,694,164
630,694,165
631,704,163
632,704,164
633,704,165
634,705,163
635,705,164
636,705,165
637,707,1026
638,708,1027
639,709,164
640,709,1028
641,712,164
642,713,164
643,714,164
644,714,1159
645,714,1160
646,715,164
647,716,164
648,716,1159
649,716,1160
650,716,1161
651,716,1162
652,716,1163
653,717,164
654,717,1159
655,717,1160
656,717,1162
657,718,164
658,719,164
659,720,164
660,721,164
661,722,164
662,723,164
663,724,164
664,725,164
665,726,164
666,727,164
667,728,164
668,729,164
669,730,164
670,731,164
671,732,164
672,733,164
673,734,164
674,735,164
675,736,164
676,737,164
677,738,164
678,739,164
679,740,164
680,741,164
681,742,164
682,743,164
683,744,164
684,745,164
685,746,164
686,750,164
687,754,164
688,755,164
689,756,164
690,757,164
691,758,164
692,759,164
693,760,164
694,761,164
695,762,164
696,763,164
697,764,164
698,765,164
699,766,164
700,769,164
701,770,164
702,776,164
703,777,164
704,779,164
705,780,164
706,782,164
707,784,164
708,789,164
709,790,1081
710,791,164
711,792,164
712,792,1081
713,793,164
714,794,164
715,795,164
716,797,164
717,798,164
718,799,164
719,800,164
720,801,164
721,802,164
722,805,164
723,806,164
724,807,164
725,808,164
726,809,164
727,810,164
728,811,164
729,812,164
730,813,164
731,814,164
732,815,164
733,816,164
734,817,164
735,818,164
736,819,164
737,820,164
738,821,164
739,821,1177
740,821,1182
741,822,164
742,822,1178
743,822,1181
744,822,1182
745,823,164
746,823,1178
747,823,1179
748,824,164
749,824,1180
750,824,1181
751,825,164
752,825,1181
753,826,164
754,826,1182
755,827,164
756,828,164
757,829,164
758,830,164
759,831,164
760,832,164
761,833,164
762,834,164
763,836,164
764,836,1101
765,836,1102
766,837,1101
767,837,1102
768,838,164
769,838,1100
770,838,1107
771,839,1110
772,840,164
773,842,164
774,843,164
775,844,164
776,845,164
777,846,164
778,847,164
779,848,164
780,849,164
781,850,164
782,851,164
783,852,164
784,853,164
785,854,164
786,855,164
787,856,164
788,857,164
789,858,164
790,859,164
791,860,164
792,861,164
793,862,164
794,863,164
795,864,164
796,865,164
797,866,163
798,866,164
799,866,165
800,866,1404
801,866,1412
802,866,1413
803,867,164
804,868,164
805,869,164
806,870,164
807,871,164
808,872,164
809,873,164
810,874,164
811,875,164
812,876,164
813,877,164
814,878,164
815,880,164
816,881,164
817,883,164
818,884,164
819,887,164
820,887,842
821,891,164
822,892,164
823,893,164
824,894,164
825,895,164
826,896,164
827,897,164
828,898,164
829,899,164
830,900,164
831,901,164
832,902,164
833,903,164
834,904,164
835,906,164
836,907,164
837,909,164
838,915,164
839,916,164
840,917,164
841,918,164
842,919,164
843,924,164
844,925,164
845,926,164
846,927,164
847,928,164
848,929,164
849,930,164
850,931,164
851,932,164
852,933,164
853,934,164
854,935,164
855,937,164
856,938,164
857,939,164
858,940,164
859,941,164
860,943,164
861,944,1457
862,945,164
863,945,1471
864,947,164
865,948,164
866,948,1456
867,948,1457
868,948,1468
869,950,164
870,950,1468
871,951,164
872,951,1471
873,952,164
874,952,1471
875,954,164
876,956,164
877,956,1468
878,957,164
879,957,1471
880,958,164
881,958,1471
882,961,1469
883,961,1470
884,962,164
885,963,164
886,963,1471
887,964,164
888,964,1471
889,965,164
890,966,164
891,967,164
892,968,164
893,972,164
894,973,164
895,974,164
896,975,164
897,976,164
898,977,164
899,978,164
900,979,164
901,980,164
902,981,164
903,982,164
904,983,164
905,984,164
906,985,164
907,986,164
908,987,164
909,988,164
910,989,164
911,990,164
912,991,164
913,993,164
914,994,164
915,995,164
916,996,164
917,997,164
918,998,164
919,999,164
920,1000,164
921,1006,164
922,1008,164
923,1012,164
924,1015,164
925,1016,164
926,1019,164
927,1025,164
928,1028,164
929,1029,164
930,1032,164
931,1039,164
932,1042,164
933,1043,164
934,1046,164
935,1047,164
936,1048,164
937,1049,164
938,1050,164
939,1051,164
940,1052,164
941,1053,164
942,1054,164
943,1055,164
944,1056,164
945,1057,164
946,1058,164
947,1059,164
948,1060,164
949,1061,164
950,1062,164
951,1063,164
952,1064,164
953,1065,164
954,1066,164
955,1070,164
956,1075,164
957,1078,164
958,1079,164
959,1081,772
960,1083,164
961,1084,164
962,1085,72
963,1085,98
964,1085,164
965,1086,72
966,1086,164
967,1087,164
968,1088,164
969,1089,164
970,1090,164
971,1091,164
972,1092,93
973,1092,164
974,1093,164
975,1094,164
976,1095,164
977,1096,164
978,1097,78
979,1097,80
980,1097,81
981,1097,91
982,1097,103
983,1097,105
984,1097,106
985,1097,116
986,1097,117
987,1097,164
988,1099,67
989,1099,77
990,1099,164
991,1100,78
992,1100,80
993,1100,81
994,1100,91
995,1100,116
996,1100,164
997,1101,164
998,1102,164
999,1103,164
1000,1104,164
1001,1105,70
1002,1105,89
1003,1105,96
1004,1105,115
1005,1105,164
1006,1106,164
1007,1107,164
1008,1108,164
1009,1109,164
1010,1110,164
1011,1111,78
1012,1111,103
1013,1111,116
1014,1111,164
1015,1112,164
1016,1113,164
1017,1114,164
1018,1115,164
1019,1116,70
1020,1116,71
1021,1116,72
1022,1116,76
1023,1116,78
1024,1116,89
1025,1116,91
1026,1116,96
1027,1116,97
1028,1116,98
1029,1116,102
1030,1116,103
1031,1116,115
1032,1116,117
1033,1116,164
1034,1117,70
1035,1117,71
1036,1117,72
1037,1117,76
1038,1117,78
1039,1117,89
1040,1117,91
1041,1117,164
1042,1118,164
1043,1119,68
1044,1119,69
1045,1119,94
1046,1119,95
1047,1119,164
1048,1120,68
1049,1120,69
1050,1120,164
1051,1122,164
1052,1123,164
1053,1124,164
1054,1125,164
1055,1126,164
1056,1127,164
1057,1128,164
1058,1129,164
1059,1130,70
1060,1130,71
1061,1130,72
1062,1130,73
1063,1130,76
1064,1130,78
1065,1130,89
1066,1130,96
1067,1130,97
1068,1130,98
1069,1130,99
1070,1130,102
1071,1130,103
1072,1130,115
1073,1130,164
1074,1131,164
1075,1132,164
1076,1133,70
1077,1133,71
1078,1133,72
1079,1133,73
1080,1133,76
1081,1133,78
1082,1133,89
1083,1133,164
1084,1134,72
1085,1134,73
1086,1134,98
1087,1134,99
1088,1134,164
1089,1135,72
1090,1135,73
1091,1135,164
1092,1136,164
1093,1137,164
1094,1138,164
1095,1139,93
1096,1139,164
1097,1140,164
1098,1141,164
1099,1142,164
1100,1143,164
1101,1144,164
1102,1145,164
1103,1146,164
1104,1147,164
1105,1148,100
1106,1148,107
1107,1148,108
1108,1148,110
1109,1148,164
1110,1149,109
1111,1149,164
1112,1150,112
1113,1150,164
1114,1151,104
1115,1151,113
1116,1151,114
1117,1151,118
1118,1151,164
1119,1152,70
1120,1152,89
1121,1152,96
1122,1152,115
1123,1152,164
1124,1153,164
1125,1154,164
1126,1155,164
1127,1156,164
1128,1157,70
1129,1157,89
1130,1157,164
1131,1158,101
1132,1158,111
1133,1158,164
1134,1159,68
1135,1159,69
1136,1159,94
1137,1159,95
1138,1159,164
1139,1160,68
1140,1160,69
1141,1160,164
1142,1161,164
1143,1162,164
1144,1163,164
1145,1164,164
1146,1166,164
1147,1167,164
1148,1168,164
1149,1169,164
1150,1170,164
1151,1171,164
1152,1172,164
1153,1173,164
1154,1174,164
1155,1175,164
1156,1176,164
1157,1177,164
1158,1178,164
1159,1179,164
1160,1180,130
1161,1180,164
1162,1180,745
1163,1181,130
1164,1181,164
1165,1181,745
1166,1182,164
1167,1183,164
1168,1184,164
1169,1185,164
1170,1186,164
1171,1187,164
1172,1188,164
1173,1189,164
1174,1190,164
1175,1191,164
1176,1192,164
1177,1193,164
1178,1194,164
1179,1196,164
1180,1197,164
1181,1198,164
1182,1199,164
1183,1200,164
1184,1201,164
1185,1202,164
1186,1204,164
1187,1206,164
1188,1207,164
1189,1208,164
1190,1211,164
1191,1213,164
1192,1215,164
1193,1216,164
1194,1217,164
1195,1218,164
1196,1219,164
1197,1220,164
1198,1221,164
1199,1222,164
1200,1223,164
1201,1224,164
1202,1225,164
1203,1226,164
1204,1228,164
1205,1229,164
1206,1230,164
1207,1232,164
1208,1233,164
1209,1234,164
1210,1236,164
1211,1237,164
1212,1238,164
1213,1239,164
1214,1240,164
1215,1241,164
1216,1242,164
1217,1243,164
1218,1244,164
1219,1245,164
1220,1246,164
1221,1247,164
1222,1248,164
1223,1250,164
1224,1252,164
1225,1255,164
1226,1256,164
1227,1257,164
1228,1259,164
1229,1260,164
1230,1261,164
1231,1262,164
1232,1263,164
1233,1266,164
1234,1267,164
1235,1268,164
1236,1269,164
1237,1270,164
1238,1271,164
1239,1272,164
1240,1273,164
1241,1274,164
1242,1275,164
1243,1276,164
1244,1277,164
1245,1278,164
1246,1279,164
1247,1281,164
1248,1286,164
1249,1288,164
1250,1289,164
1251,1291,164
1252,1292,164
1253,1295,164
1254,1296,164
1255,1302,164
1256,1303,164
1257,1304,164
1258,1307,164
1259,1308,164
1260,1309,164
1261,1310,164
1262,1311,164
1263,1312,164
1264,1313,164
1265,1314,164
1266,1315,164
1267,1316,164
1268,1317,164
1269,1318,164
1270,1319,164
1271,1320,164
1272,1321,164
1273,1322,164
1274,1323,164
1275,1324,164
1276,1325,164
1277,1326,164
1278,1327,164
1279,1328,164
1280,1329,164
1281,1330,164
1282,1331,164
1283,1332,164
1284,1333,164
1285,1334,164
1286,1336,164
1287,1337,164
1288,1338,164
1289,1339,164
1290,1340,164
1291,1341,164
1292,1342,164
1293,1343,164
1294,1344,164
1295,1345,164
1296,1346,164
1297,1347,164
1298,1348,164
1299,1349,164
1300,1350,164
1301,1351,164
1302,1352,164
1303,1353,164
1304,1354,164
1305,1355,164
1306,1356,164
1307,1357,164
1308,1358,164
1309,1359,164
1310,1362,164
1311,1363,164
1312,1365,164
1313,1366,164
1314,1367,164
1315,1368,164
1316,1372,164
1317,1374,164
1318,1375,164
1319,1376,164
1320,1377,164
1321,1378,164
1322,1379,164
1323,1380,164
1324,1381,164
1325,1382,164
1326,1383,164
1327,1384,164
1328,1385,164
1329,1386,164
1330,1387,164
1331,1388,164
1332,1389,164
1333,1390,164
1334,1391,164
1335,1392,164
1336,1393,164
1337,1395,164
1338,1396,164
1339,1397,164
1340,1398,164
1341,1399,164
1342,1400,164
1343,1401,164
1344,1402,164
1345,1403,164
1346,1404,164
1347,1405,164
1348,1406,164
1349,1407,164
1350,1408,164
1351,1410,164
1352,1411,164
1353,1412,164
1354,1413,164
1355,1415,164
1356,1416,164
1357,1417,164
1358,1418,164
1359,1419,164
1360,1420,164
1361,1421,164
1362,1422,164
1363,1423,164
1364,1424,164
1365,1425,164
1366,1426,164
1367,1430,164
1368,1433,164
1369,1434,164
1370,1435,164
1371,1436,164
1372,1437,164
1373,1438,164
1374,1439,164
1375,1439,240
1376,1439,241
1377,1440,164
1378,1441,164
1379,1442,164
1380,1443,164
1381,1444,164
1382,1445,164
1383,1446,164
1384,1447,164
1385,1448,164
1386,1449,164
1387,1450,164
1388,1451,164
1389,1452,164
1390,1453,164
1391,1454,164
1392,1455,164
1393,1456,164
1394,1457,164
1395,1458,164
1396,1459,164
1397,1460,164
1398,1461,164
1399,1462,164
1400,1463,164
1401,1465,164
1402,1466,164
1403,1471,164
1404,1472,164
1405,1473,164
1406,1475,163
1407,1475,164
1408,1475,165
1409,1475,510
1410,1475,511
1411,1475,596
1412,1475,604
1413,1476,163
1414,1476,164
1415,1476,165
1416,1476,510
1417,1476,511
1418,1476,596
1419,1476,604
1420,1477,163
1421,1477,164
1422,1477,165
1423,1477,510
1424,1477,511
1425,1477,596
1426,1477,604
1427,1478,163
1428,1478,164
1429,1478,165
1430,1478,510
1431,1478,511
1432,1478,516
1433,1478,517
1434,1478,518
1435,1478,522
1436,1478,525
1437,1478,527
1438,1478,531
1439,1478,534
1440,1478,535
1441,1478,536
1442,1478,548
1443,1478,551
1444,1478,553
1445,1478,555
1446,1478,557
1447,1478,558
1448,1478,562
1449,1478,563
1450,1478,567
1451,1478,576
1452,1478,589
1453,1478,596
1454,1478,604
1455,1478,617
1456,1478,622
1457,1478,623
1458,1479,163
1459,1479,164
1460,1479,165
1461,1479,510
1462,1479,511
1463,1479,596
1464,1479,604
1465,1480,163
1466,1480,164
1467,1480,165
1468,1480,510
1469,1480,511
1470,1480,596
1471,1480,604
1472,1481,163
1473,1481,164
1474,1481,165
1475,1481,596
1476,1481,604
1477,1481,623
1478,1481,630
1479,1483,163
1480,1483,164
1481,1483,165
1482,1483,510
1483,1483,511
1484,1483,519
1485,1483,520
1486,1483,521
1487,1483,529
1488,1483,596
1489,1483,604
1490,1483,609
1491,1483,611
1492,1484,163
1493,1484,164
1494,1484,165
1495,1484,596
1496,1484,604
1497,1485,163
1498,1485,164
1499,1485,165
1500,1485,596
1501,1485,604
1502,1486,163
1503,1486,164
1504,1486,165
1505,1486,596
1506,1486,604
1507,1487,163
1508,1487,164
1509,1487,165
1510,1487,510
1511,1487,511
1512,1487,515
1513,1487,516
1514,1487,540
1515,1487,555
1516,1487,563
1517,1487,567
1518,1487,595
1519,1487,596
1520,1487,604
1521,1488,163
1522,1488,164
1523,1488,165
1524,1488,528
1525,1488,596
1526,1488,604
1527,1489,163
1528,1489,164
1529,1489,165
1530,1489,596
1531,1489,604
1532,1490,163
1533,1490,164
1534,1490,165
1535,1490,532
1536,1490,563
1537,1490,567
1538,1490,596
1539,1490,604
1540,1492,163
1541,1492,164
1542,1492,165
1543,1492,508
1544,1492,510
1545,1492,511
1546,1492,530
1547,1492,594
1548,1492,596
1549,1492,604
1550,1493,163
1551,1493,164
1552,1493,165
1553,1493,596
1554,1493,604
1555,1494,163
1556,1494,164
1557,1494,165
1558,1494,596
1559,1494,604
1560,1495,163
1561,1495,164
1562,1495,165
1563,1495,510
1564,1495,511
1565,1495,596
1566,1495,604
1567,1496,163
1568,1496,164
1569,1496,165
1570,1496,510
1571,1496,511
1572,1496,577
1573,1496,593
1574,1496,596
1575,1496,604
1576,1498,163
1577,1498,164
1578,1498,165
1579,1498,596
1580,1498,604
1581,1499,163
1582,1499,164
1583,1499,165
1584,1499,510
1585,1499,511
1586,1499,542
1587,1499,543
1588,1499,563
1589,1499,567
1590,1499,577
1591,1499,593
1592,1499,596
1593,1499,604
1594,1499,606
1595,1500,163
1596,1500,164
1597,1500,165
1598,1500,596
1599,1500,604
1600,1501,163
1601,1501,164
1602,1501,165
1603,1501,596
1604,1501,604
1605,1502,163
1606,1502,164
1607,1502,165
1608,1502,596
1609,1502,604
1610,1503,163
1611,1503,164
1612,1503,165
1613,1503,510
1614,1503,511
1615,1503,516
1616,1503,517
1617,1503,523
1618,1503,531
1619,1503,546
1620,1503,547
1621,1503,549
1622,1503,550
1623,1503,552
1624,1503,554
1625,1503,555
1626,1503,563
1627,1503,567
1628,1503,569
1629,1503,570
1630,1503,571
1631,1503,572
1632,1503,575
1633,1503,589
1634,1503,592
1635,1503,596
1636,1503,604
1637,1503,606
1638,1503,623
1639,1504,163
1640,1504,164
1641,1504,165
1642,1504,510
1643,1504,511
1644,1504,596
1645,1504,604
1646,1504,621
1647,1505,163
1648,1505,164
1649,1505,165
1650,1505,510
1651,1505,511
1652,1505,596
1653,1505,604
1654,1506,163
1655,1506,164
1656,1506,165
1657,1506,556
1658,1506,596
1659,1506,604
1660,1507,163
1661,1507,164
1662,1507,165
1663,1507,510
1664,1507,511
1665,1507,596
1666,1507,604
1667,1508,163
1668,1508,164
1669,1508,165
1670,1508,510
1671,1508,511
1672,1508,596
1673,1508,604
1674,1509,163
1675,1509,164
1676,1509,165
1677,1509,510
1678,1509,511
1679,1509,596
1680,1509,604
1681,1510,163
1682,1510,164
1683,1510,165
1684,1510,510
1685,1510,511
1686,1510,596
1687,1510,604
1688,1511,163
1689,1511,164
1690,1511,165
1691,1511,510
1692,1511,511
1693,1511,596
1694,1511,604
1695,1512,163
1696,1512,164
1697,1512,165
1698,1512,510
1699,1512,511
1700,1512,596
1701,1512,604
1702,1513,163
1703,1513,164
1704,1513,165
1705,1513,510
1706,1513,511
1707,1513,596
1708,1513,604
1709,1514,163
1710,1514,164
1711,1514,165
1712,1514,510
1713,1514,511
1714,1514,596
1715,1514,604
1716,1515,163
1717,1515,164
1718,1515,165
1719,1515,510
1720,1515,511
1721,1515,596
1722,1515,604
1723,1516,163
1724,1516,164
1725,1516,165
1726,1516,596
1727,1516,604
1728,1517,163
1729,1517,164
1730,1517,165
1731,1517,510
1732,1517,511
1733,1517,596
1734,1517,604
1735,1518,163
1736,1518,164
1737,1518,165
1738,1518,596
1739,1518,604
1740,1519,163
1741,1519,164
1742,1519,165
1743,1519,596
1744,1519,604
1745,1520,163
1746,1520,164
1747,1520,165
1748,1520,563
1749,1520,564
1750,1520,565
1751,1520,567
1752,1520,596
1753,1520,604
1754,1521,163
1755,1521,164
1756,1521,165
1757,1521,510
1758,1521,511
1759,1521,563
1760,1521,567
1761,1521,569
1762,1521,596
1763,1521,604
1764,1523,163
1765,1523,164
1766,1523,165
1767,1523,596
1768,1523,604
1769,1524,163
1770,1524,164
1771,1524,165
1772,1524,511
1773,1524,596
1774,1524,604
1775,1525,163
1776,1525,164
1777,1525,165
1778,1525,596
1779,1525,604
1780,1526,163
1781,1526,164
1782,1526,165
1783,1526,596
1784,1526,604
1785,1527,163
1786,1527,164
1787,1527,165
1788,1527,596
1789,1527,604
1790,1528,163
1791,1528,164
1792,1528,165
1793,1528,596
1794,1528,604
1795,1529,163
1796,1529,164
1797,1529,165
1798,1529,596
1799,1529,604
1800,1530,163
1801,1530,164
1802,1530,165
1803,1530,596
1804,1530,604
1805,1530,630
1806,1531,163
1807,1531,164
1808,1531,165
1809,1531,573
1810,1531,596
1811,1531,604
1812,1531,630
1813,1532,163
1814,1532,164
1815,1532,165
1816,1532,596
1817,1532,604
1818,1533,163
1819,1533,164
1820,1533,165
1821,1533,596
1822,1533,604
1823,1534,163
1824,1534,164
1825,1534,165
1826,1534,596
1827,1534,604
1828,1535,163
1829,1535,164
1830,1535,165
1831,1535,596
1832,1535,604
1833,1536,163
1834,1536,164
1835,1536,165
1836,1536,509
1837,1536,510
1838,1536,511
1839,1536,513
1840,1536,514
1841,1536,516
1842,1536,563
1843,1536,567
1844,1536,569
1845,1536,574
1846,1536,580
1847,1536,596
1848,1536,604
1849,1536,620
1850,1536,630
1851,1537,163
1852,1537,164
1853,1537,165
1854,1537,596
1855,1537,604
1856,1538,163
1857,1538,164
1858,1538,165
1859,1538,563
1860,1538,567
1861,1538,590
1862,1538,591
1863,1538,596
1864,1538,604
1865,1539,163
1866,1539,164
1867,1539,165
1868,1539,510
1869,1539,511
1870,1539,559
1871,1539,596
1872,1539,604
1873,1540,163
1874,1540,164
1875,1540,165
1876,1540,596
1877,1540,604
1878,1541,163
1879,1541,164
1880,1541,165
1881,1541,510
1882,1541,511
1883,1541,516
1884,1541,555
1885,1541,596
1886,1541,603
1887,1541,604
1888,1541,623
1889,1543,163
1890,1543,164
1891,1543,165
1892,1543,596
1893,1543,604
1894,1544,163
1895,1544,164
1896,1544,165
1897,1544,516
1898,1544,596
1899,1544,604
1900,1545,163
1901,1545,164
1902,1545,165
1903,1545,516
1904,1545,596
1905,1545,604
1906,1546,163
1907,1546,164
1908,1546,165
1909,1546,596
1910,1546,604
1911,1546,607
1912,1546,630
1913,1547,163
1914,1547,164
1915,1547,165
1916,1547,516
1917,1547,517
1918,1547,563
1919,1547,567
1920,1547,596
1921,1547,604
1922,1548,163
1923,1548,164
1924,1548,165
1925,1548,596
1926,1548,604
1927,1549,163
1928,1549,164
1929,1549,165
1930,1549,596
1931,1549,604
1932,1550,163
1933,1550,164
1934,1550,165
1935,1550,563
1936,1550,567
1937,1550,596
1938,1550,604
1939,1550,610
1940,1550,630
1941,1551,163
1942,1551,164
1943,1551,165
1944,1551,596
1945,1551,604
1946,1552,163
1947,1552,164
1948,1552,165
1949,1552,506
1950,1552,507
1951,1552,510
1952,1552,511
1953,1552,516
1954,1552,533
1955,1552,563
1956,1552,567
1957,1552,568
1958,1552,576
1959,1552,577
1960,1552,578
1961,1552,579
1962,1552,592
1963,1552,596
1964,1552,599
1965,1552,600
1966,1552,604
1967,1552,612
1968,1552,613
1969,1552,614
1970,1552,615
1971,1552,616
1972,1552,619
1973,1552,627
1974,1553,163
1975,1553,164
1976,1553,165
1977,1553,510
1978,1553,511
1979,1553,596
1980,1553,604
1981,1554,163
1982,1554,164
1983,1554,165
1984,1554,596
1985,1554,604
1986,1555,163
1987,1555,164
1988,1555,165
1989,1555,510
1990,1555,511
1991,1555,516
1992,1555,517
1993,1555,560
1994,1555,561
1995,1555,563
1996,1555,567
1997,1555,596
1998,1555,604
1999,1555,621
2000,1555,630
2001,1556,163
2002,1556,164
2003,1556,165
2004,1556,596
2005,1556,604
2006,1557,163
2007,1557,164
2008,1557,165
2009,1557,510
2010,1557,511
2011,1557,596
2012,1557,604
2013,1558,163
2014,1558,164
2015,1558,165
2016,1558,510
2017,1558,511
2018,1558,596
2019,1558,604
2020,1559,163
2021,1559,164
2022,1559,165
2023,1559,510
2024,1559,511
2025,1559,596
2026,1559,604
2027,1560,163
2028,1560,164
2029,1560,165
2030,1560,596
2031,1560,604
2032,1561,163
2033,1561,164
2034,1561,165
2035,1561,510
2036,1561,511
2037,1561,596
2038,1561,604
2039,1561,644
2040,1562,163
2041,1562,164
2042,1562,165
2043,1562,510
2044,1562,511
2045,1562,596
2046,1562,604
2047,1562,642
2048,1563,163
2049,1563,164
2050,1563,165
2051,1563,596
2052,1563,604
2053,1563,643
2054,1564,163
2055,1564,164
2056,1564,165
2057,1564,511
2058,1564,596
2059,1564,604
2060,1564,645
2061,1565,163
2062,1565,164
2063,1565,165
2064,1565,596
2065,1565,604
2066,1565,646
2067,1566,163
2068,1566,164
2069,1566,165
2070,1566,596
2071,1566,604
2072,1566,647
2073,1567,163
2074,1567,164
2075,1567,165
2076,1567,510
2077,1567,511
2078,1567,596
2079,1567,604
2080,1567,649
2081,1568,163
2082,1568,164
2083,1568,165
2084,1568,596
2085,1568,604
2086,1568,648
2087,1569,163
2088,1569,164
2089,1569,165
2090,1569,511
2091,1569,596
2092,1569,604
2093,1570,163
2094,1570,164
2095,1570,165
2096,1570,596
2097,1570,604
2098,1571,163
2099,1571,164
2100,1571,165
2101,1571,510
2102,1571,511
2103,1571,596
2104,1571,604
2105,1572,163
2106,1572,164
2107,1572,165
2108,1572,510
2109,1572,511
2110,1572,596
2111,1572,604
2112,1573,163
2113,1573,164
2114,1573,165
2115,1573,596
2116,1573,604
2117,1574,163
2118,1574,164
2119,1574,165
2120,1574,510
2121,1574,511
2122,1574,596
2123,1574,604
2124,1575,163
2125,1575,164
2126,1575,165
2127,1575,510
2128,1575,511
2129,1575,516
2130,1575,517
2131,1575,533
2132,1575,563
2133,1575,566
2134,1575,567
2135,1575,569
2136,1575,578
2137,1575,579
2138,1575,596
2139,1575,604
2140,1575,624
2141,1575,625
2142,1575,626
2143,1575,627
2144,1575,628
2145,1575,629
2146,1576,163
2147,1576,164
2148,1576,165
2149,1576,510
2150,1576,511
2151,1576,560
2152,1576,561
2153,1576,596
2154,1576,604
2155,1576,623
2156,1576,631
2157,1577,163
2158,1577,164
2159,1577,165
2160,1577,510
2161,1577,511
2162,1577,596
2163,1577,604
2164,1578,163
2165,1578,164
2166,1578,165
2167,1578,511
2168,1578,596
2169,1578,604
2170,1579,163
2171,1579,164
2172,1579,165
2173,1579,510
2174,1579,511
2175,1579,596
2176,1579,604
2177,1579,633
2178,1579,634
2179,1579,635
2180,1579,636
2181,1579,637
2182,1579,639
2183,1580,163
2184,1580,164
2185,1580,165
2186,1580,596
2187,1580,604
2188,1581,163
2189,1581,164
2190,1581,165
2191,1581,510
2192,1581,511
2193,1581,596
2194,1581,604
2195,1581,633
2196,1581,638
2197,1581,639
2198,1581,640
2199,1582,163
2200,1582,164
2201,1582,165
2202,1582,596
2203,1582,604
2204,1583,163
2205,1583,164
2206,1583,165
2207,1583,596
2208,1583,604
2209,1584,163
2210,1584,164
2211,1584,165
2212,1584,505
2213,1584,510
2214,1584,511
2215,1584,596
2216,1584,602
2217,1584,604
2218,1584,632
2219,1585,163
2220,1585,164
2221,1585,165
2222,1585,596
2223,1585,604
2224,1586,163
2225,1586,164
2226,1586,165
2227,1586,510
2228,1586,511
2229,1586,512
2230,1586,526
2231,1586,539
2232,1586,541
2233,1586,544
2234,1586,545
2235,1586,581
2236,1586,582
2237,1586,583
2238,1586,584
2239,1586,585
2240,1586,586
2241,1586,587
2242,1586,588
2243,1586,596
2244,1586,597
2245,1586,598
2246,1586,601
2247,1586,604
2248,1586,608
2249,1587,596
2250,1588,163
2251,1588,164
2252,1588,165
2253,1588,596
2254,1588,604
2255,1589,148
2256,1589,164
2257,1594,164
2258,1595,164
2259,1596,164
2260,1597,164
2261,1598,164
2262,1599,164
2263,1600,164
2264,1601,164
2265,1603,164
2266,1604,164
2267,1607,164
2268,1607,604
2269,1608,164
2270,1608,604
2271,1609,164
2272,1610,164
2273,1611,164
2274,1612,164
2275,1613,164
2276,1614,164
2277,1615,164
2278,1616,164
2279,1617,164
2280,1618,163
2281,1618,164
2282,1618,165
2283,1618,711
2284,1618,713
2285,1618,714
2286,1618,718
2287,1618,719
2288,1618,725
2289,1618,728
2290,1619,163
2291,1619,164
2292,1619,165
2293,1619,710
2294,1619,711
2295,1619,712
2296,1619,713
2297,1619,714
2298,1619,715
2299,1619,718
2300,1619,719
2301,1619,720
2302,1619,725
2303,1619,726
2304,1619,727
2305,1619,728
2306,1619,729
2307,1620,163
2308,1620,164
2309,1620,165
2310,1620,714
2311,1621,163
2312,1621,164
2313,1621,165
2314,1621,710
2315,1621,711
2316,1621,712
2317,1621,713
2318,1621,714
2319,1621,715
2320,1621,717
2321,1621,718
2322,1621,719
2323,1621,720
2324,1621,725
2325,1621,726
2326,1621,727
2327,1621,728
2328,1621,729
2329,1622,163
2330,1622,164
2331,1622,165
2332,1623,163
2333,1623,164
2334,1623,165
2335,1624,163
2336,1624,164
2337,1624,165
2338,1624,716
2339,1624,718
2340,1624,719
2341,1624,720
2342,1624,721
2343,1624,722
2344,1624,723
2345,1624,724
2346,1624,728
2347,1625,163
2348,1625,164
2349,1625,165
2350,1625,720
2351,1626,163
2352,1626,164
2353,1626,165
2354,1626,720
2355,1627,163
2356,1627,164
2357,1627,165
2358,1628,163
2359,1628,164
2360,1628,165
2361,1628,730
2362,1629,163
2363,1629,164
2364,1629,165
2365,1630,163
2366,1630,164
2367,1630,165
2368,1630,498
2369,1630,499
2370,1630,500
2371,1631,164
2372,1631,652
2373,1633,164
2374,1633,650
2375,1634,164
2376,1634,654
2377,1635,164
2378,1635,654
2379,1636,164
2380,1636,654
2381,1637,164
2382,1637,658
2383,1638,164
2384,1638,658
2385,1638,662
2386,1639,164
2387,1639,658
2388,1639,662
2389,1640,164
2390,1641,164
2391,1641,654
2392,1642,164
2393,1642,658
2394,1642,675
2395,1643,164
2396,1643,658
2397,1643,675
2398,1644,164
2399,1644,654
2400,1645,164
2401,1645,654
2402,1646,164
2403,1646,654
2404,1647,164
2405,1648,164
2406,1649,164
2407,1649,681
2408,1649,688
2409,1649,701
2410,1649,706
2411,1649,708
2412,1651,164
2413,1652,164
2414,1653,164
2415,1654,164
2416,1655,164
2417,1656,164
2418,1657,164
2419,1658,164
2420,1659,164
2421,1660,164
2422,1660,752
2423,1661,164
2424,1661,752
2425,1662,164
2426,1662,752
2427,1663,164
2428,1663,752
2429,1664,164
2430,1664,752
2431,1668,164
2432,1675,164
2433,1676,164
2434,1678,164
2435,1682,164
2436,1683,164
2437,1685,164
2438,1687,164
2439,1689,164
2440,1690,164
2441,1691,164
2442,1692,164
2443,1693,164
2444,1694,164
2445,1695,164
2446,1696,164
2447,1697,164
2448,1698,164
2449,1699,164
2450,1700,164
2451,1701,164
2452,1702,164
2453,1703,164
2454,1704,164
2455,1705,164
2456,1706,164
2457,1707,164
2458,1708,164
2459,1709,164
2460,1712,164
2461,1713,164
2462,1714,164
2463,1715,164
2464,1716,164
2465,1717,164
2466,1718,164
2467,1719,164
2468,1720,164
2469,1721,164
2470,1722,164
2471,1723,164
2472,1724,164
2473,1725,164
2474,1726,164
2475,1727,164
2476,1728,164
2477,1729,164
2478,1730,164
2479,1731,164
2480,1732,164
2481,1733,164
2482,1734,164
2483,1735,164
2484,1736,164
2485,1737,164
2486,1738,164
2487,1739,164
2488,1740,164
2489,1741,164
2490,1742,164
2491,1743,164
2492,1744,164
2493,1745,164
2494,1746,164
2495,1747,164
2496,1748,164
2497,1749,164
2498,1750,164
2499,1751,164
2500,1752,164
2501,1753,164
2502,1754,164
2503,1756,164
2504,1757,164
2505,1758,164
2506,1759,164
2507,1760,164
2508,1761,164
2509,1762,164
2510,1763,164
2511,1764,164
2512,1769,164
2513,1770,164
2514,1771,164
2515,1772,164
2516,1773,164
2517,1775,164
2518,1776,164
2519,1777,164
2520,1778,164
2521,1779,164
2522,1780,164
2523,1781,164
2524,1782,164
2525,1783,164
2526,1784,164
2527,1785,164
2528,1786,164
2529,1787,164
2530,1788,164
2531,1790,164
2532,1792,164
2533,1793,164
2534,1794,164
2535,1795,164
2536,1796,164
2537,1797,164
2538,1798,164
2539,1799,164
2540,1800,164
2541,1801,164
2542,1802,164
2543,1803,164
2544,1804,164
2545,1805,164
2546,1806,164
2547,1807,164
2548,1808,164
2549,1809,164
2550,1810,164
2551,1811,164
2552,1812,164
2553,1813,164
2554,1816,164
2555,1817,164
2556,1818,164
2557,1819,164
2558,1820,164
2559,1821,164
2560,1823,164
2561,1824,164
2562,1825,164
2563,1826,164
2564,1827,164
2565,1828,164
2566,1830,164
2567,1831,164
2568,1832,164
2569,1833,164
2570,1835,164
2571,1836,164
2572,1837,164
2573,1838,164
2574,1839,164
2575,1839,785
2576,1840,164
2577,1841,164
2578,1842,164
2579,1843,164
2580,1844,164
2581,1844,784
2582,1848,164
2583,1849,164
2584,1850,164
2585,1851,164
2586,1852,164
2587,1853,164
2588,1854,164
2589,1855,164
2590,1856,164
2591,1858,164
2592,1859,164
2593,1864,164
2594,1865,164
2595,1866,164
2596,1867,164
2597,1868,164
2598,1869,164
2599,1870,164
2600,1871,164
2601,1872,164
2602,1873,164
2603,1874,164
2604,1875,164
2605,1876,163
2606,1876,164
2607,1876,165
2608,1877,164
2609,1878,163
2610,1878,164
2611,1878,165
2612,1879,163
2613,1879,164
2614,1879,165
2615,1880,163
2616,1880,164
2617,1880,165
2618,1881,164
2619,1882,164
2620,1885,164
2621,1888,164
2622,1889,164
2623,1890,164
2624,1891,164
2625,1892,164
2626,1893,164
2627,1894,164
2628,1895,164
2629,1896,164
2630,1897,164
2631,1897,1024
2632,1899,164
2633,1900,164
2634,1901,164
2635,1902,164
2636,1903,164
2637,1904,164
2638,1907,164
2639,1908,164
2640,1911,1047
2641,1912,163
2642,1912,164
2643,1912,165
2644,1912,1047
2645,1913,163
2646,1913,164
2647,1913,165
2648,1913,1047
2649,1914,163
2650,1914,164
2651,1914,165
2652,1914,1043
2653,1914,1044
2654,1915,163
2655,1915,164
2656,1915,165
2657,1915,1044
2658,1916,163
2659,1916,164
2660,1916,165
2661,1916,1047
2662,1917,163
2663,1917,164
2664,1917,165
2665,1917,1047
2666,1921,164
2667,1922,164
2668,1923,164
2669,1927,164
2670,1929,164
2671,1930,164
2672,1931,164
2673,1933,164
2674,1934,164
2675,1935,164
2676,1936,164
2677,1937,164
2678,1939,164
2679,1940,164
2680,1941,164
2681,1942,164
2682,1944,164
2683,1945,164
2684,1946,164
2685,1947,164
2686,1948,164
2687,1950,164
2688,1953,164
2689,1955,164
2690,1956,164
2691,1960,164
2692,1969,164
2693,1980,164
2694,1981,164
2695,1985,164
2696,1986,164
2697,1987,164
2698,1988,164
2699,1990,164
2700,1991,164
2701,1992,164
2702,1993,164
2703,1994,164
2704,1995,164
2705,1996,164
2706,1997,164
2707,1998,164
2708,1999,164
2709,2001,164
2710,2003,164
2711,2004,164
2712,2005,164
2713,2006,164
2714,2007,164
2715,2008,164
2716,2009,164
2717,2010,164
2718,2011,164
2719,2012,164
2720,2013,164
2721,2014,164
2722,2014,1572
2723,2015,164
2724,2016,164
2725,2017,164
2726,2018,164
2727,2019,164
2728,2020,164
2729,2022,164
2730,2024,164
2731,2025,164
2732,2033,164
2733,2034,164
2734,2035,164
2735,2036,164
2736,2037,164
2737,2038,164
2738,2039,164
2739,2040,164
2740,2041,164
2741,2044,164
2742,2045,164
2743,2047,164
2744,2048,164
2745,2050,164
2746,2051,164
2747,2054,164
2748,2055,164
2749,2056,164
2750,2057,164
2751,2058,164
2752,2059,164
2753,2060,164
2754,2061,164
2755,2061,1130
2756,2062,164
2757,2063,164
2758,2064,164
2759,2064,1128
2760,2065,164
2761,2065,1129
2762,2066,164
2763,2066,1115
2764,2066,1116
2765,2066,1117
2766,2066,1120
2767,2066,1121
2768,2066,1123
2769,2066,1124
2770,2066,1127
2771,2066,1131
2772,2067,164
2773,2068,164
2774,2068,1132
2775,2069,164
2776,2070,164
2777,2071,164
2778,2071,1133
2779,2072,164
2780,2072,1134
2781,2073,164
2782,2074,164
2783,2075,164
2784,2075,1136
2785,2076,164
2786,2076,1137
2787,2077,164
2788,2078,164
2789,2078,1138
2790,2079,164
2791,2080,164
2792,2080,1139
2793,2081,164
2794,2082,164
2795,2083,164
2796,2083,165
2797,2085,164
2798,2086,164
2799,2090,164
2800,2091,164
2801,2092,164
2802,2093,164
2803,2095,164
2804,2098,164
2805,2099,164
2806,2100,164
2807,2101,164
2808,2102,164
2809,2103,164
2810,2104,164
2811,2105,164
2812,2106,164
2813,2108,164
2814,2111,164
2815,2112,164
2816,2113,164
2817,2114,164
2818,2115,164
2819,2116,164
2820,2117,164
2821,2118,164
2822,2119,164
2823,2129,164
2824,2130,164
2825,2132,164
2826,2133,164
2827,2135,164
2828,2136,164
2829,2137,164
2830,2138,164
2831,2139,164
2832,2140,164
2833,2141,164
2834,2142,164
2835,2143,164
2836,2144,164
2837,2145,164
2838,2147,164
2839,2148,164
2840,2149,164
2841,2150,164
2842,2151,163
2843,2151,164
2844,2151,165
2845,2152,163
2846,2152,164
2847,2152,165
2848,2153,163
2849,2153,164
2850,2153,165
2851,2154,164
2852,2154,1209
2853,2154,1210
2854,2154,1212
2855,2154,1213
2856,2155,164
2857,2155,1209
2858,2155,1210
2859,2155,1211
2860,2155,1212
2861,2155,1213
2862,2156,164
2863,2156,1211
2864,2157,163
2865,2157,164
2866,2157,165
2867,2160,164
2868,2160,1211
2869,2162,163
2870,2162,164
2871,2162,165
2872,2163,163
2873,2163,164
2874,2163,165
2875,2164,164
2876,2164,1268
2877,2165,164
2878,2165,1270
2879,2166,164
2880,2167,164
2881,2170,164
2882,2170,1290
2883,2170,1291
2884,2170,1292
2885,2171,164
2886,2171,1290
2887,2172,164
2888,2172,1293
2889,2173,164
2890,2173,1293
2891,2182,164
2892,2183,164
2893,2184,164
2894,2184,1344
2895,2185,164
2896,2185,1344
2897,2186,164
2898,2186,1344
2899,2187,164
2900,2187,1344
2901,2188,164
2902,2188,1344
2903,2189,164
2904,2189,1344
2905,2190,164
2906,2190,1344
2907,2191,164
2908,2191,1344
2909,2192,164
2910,2192,1344
2911,2193,164
2912,2193,1344
2913,2194,164
2914,2194,1344
2915,2195,164
2916,2195,1344
2917,2196,164
2918,2196,1344
2919,2197,164
2920,2197,1344
2921,2198,164
2922,2198,1344
2923,2199,164
2924,2199,1344
2925,2200,164
2926,2200,1344
2927,2201,164
2928,2201,1344
2929,2202,164
2930,2202,1344
2931,2203,164
2932,2203,1344
2933,2204,164
2934,2204,1344
2935,2205,164
2936,2205,1344
2937,2206,164
2938,2206,1344
2939,2207,164
2940,2207,1344
2941,2208,164
2942,2208,1344
2943,2209,164
2944,2209,1344
2945,2210,164
2946,2210,1344
2947,2211,164
2948,2211,1344
2949,2212,164
2950,2212,1344
2951,2213,164
2952,2213,1344
2953,2215,164
2954,2215,1344
2955,2216,164
2956,2216,1344
2957,2217,164
2958,2217,1344
2959,2218,164
2960,2218,1344
2961,2219,164
2962,2219,1344
2963,2220,164
2964,2220,1344
2965,2221,164
2966,2221,1344
2967,2222,164
2968,2222,1344
2969,2223,164
2970,2223,1344
2971,2224,164
2972,2224,1344
2973,2225,164
2974,2225,1344
2975,2227,164
2976,2227,1344
2977,2228,164
2978,2228,1344
2979,2229,164
2980,2229,1344
2981,2230,164
2982,2230,1344
2983,2231,164
2984,2231,1344
2985,2232,164
2986,2232,1300
2987,2232,1301
2988,2232,1302
2989,2232,1344
2990,2233,164
2991,2233,1344
2992,2234,164
2993,2234,1344
2994,2235,164
2995,2235,1344
2996,2237,164
2997,2237,1344
2998,2238,164
2999,2238,1344
3000,2239,164
3001,2239,1344
3002,2240,164
3003,2240,1344
3004,2241,164
3005,2241,1344
3006,2242,164
3007,2242,1344
3008,2243,164
3009,2243,1344
3010,2244,164
3011,2244,1344
3012,2245,164
3013,2245,1344
3014,2249,164
3015,2249,1344
3016,2250,164
3017,2250,1344
3018,2251,164
3019,2251,1344
3020,2252,164
3021,2252,1344
3022,2253,164
3023,2253,1344
3024,2254,164
3025,2254,1344
3026,2255,164
3027,2255,1344
3028,2256,164
3029,2256,1344
3030,2257,164
3031,2258,164
3032,2259,164
3033,2261,163
3034,2261,164
3035,2262,163
3036,2262,164
3037,2263,164
3038,2264,164
3039,2265,164
3040,2266,164
3041,2267,164
3042,2267,1437
3043,2268,164
3044,2269,164
3045,2270,164
3046,2271,164
3047,2272,164
3048,2273,164
3049,2274,164
3050,2275,164
3051,2277,164
3052,2279,164
3053,2282,164
3054,2283,164
3055,2284,164
3056,2287,164
3057,2288,164
3058,2289,164
3059,2290,164
3060,2291,164
3061,2292,164
3062,2293,164
3063,2294,164
3064,2295,164
3065,2296,164
3066,2297,164
3067,2298,164
3068,2299,164
3069,2300,164
3070,2301,164
3071,2302,164
3072,2303,164
3073,2304,164
3074,2305,164
3075,2306,164
3076,2307,163
3077,2307,164
3078,2307,165
3079,2308,163
3080,2308,164
3081,2308,165
3082,2308,1558
3083,2309,163
3084,2309,164
3085,2309,165
3086,2309,1561
3087,2309,1566
3088,2310,163
3089,2310,164
3090,2310,165
3091,2311,163
3092,2311,164
3093,2311,165
3094,2311,1562
3095,2311,1567
3096,2312,163
3097,2312,164
3098,2312,165
3099,2312,1568
3100,2313,163
3101,2313,164
3102,2313,165
3103,2313,1566
3104,2314,163
3105,2314,164
3106,2314,165
3107,2314,1556
3108,2315,163
3109,2315,164
3110,2315,165
3111,2315,1556
3112,2316,163
3113,2316,164
3114,2316,165
3115,2316,1562
3116,2316,1565
3117,2317,163
3118,2317,164
3119,2317,165
3120,2317,1564
3121,2317,1565
3122,2318,163
3123,2318,164
3124,2318,165
3125,2318,1559
3126,2318,1560
3127,2318,1563
3128,2318,1565
3129,2318,1568
3130,2319,163
3131,2319,164
3132,2319,165
3133,2319,1568
3134,2320,164
3135,2321,164
3136,2322,164
3137,2325,164
3138,2326,164
3139,2328,164
3140,2329,164
3141,2330,164
3142,2331,164
3143,2332,164
3144,2333,164
3145,2334,164
3146,2335,164
3147,2336,164
3148,2337,164
3149,2338,164
3150,2339,164
3151,2340,164
3152,2341,164
3153,2342,164
3154,2343,164
3155,2344,164
3156,2345,164
3157,2346,164
3158,2347,164
3159,2348,164
3160,2349,164
3161,2350,164
3162,2354,164
3163,2355,164
3164,2356,164
3165,2357,164
3166,2358,164
3167,2359,164
